res_state,res_district,res_name,res_year,rain_month,rainfall
Gujarat,Bhavnagar,Shetrunji Reservoir,2009,january,0
Gujarat,Bhavnagar,Shetrunji Reservoir,2009,february,0
Gujarat,Bhavnagar,Shetrunji Reservoir,2009,march,0.3
Gujarat,Bhavnagar,Shetrunji Reservoir,2009,april,0
Gujarat,Bhavnagar,Shetrunji Reservoir,2009,may,0
Gujarat,Bhavnagar,Shetrunji Reservoir,2009,june,17
Gujarat,Bhavnagar,Shetrunji Reservoir,2009,july,390.3
Gujarat,Bhavnagar,Shetrunji Reservoir,2009,august,143.5
Gujarat,Bhavnagar,Shetrunji Reservoir,2009,september,54.9
Gujarat,Bhavnagar,Shetrunji Reservoir,2009,october,27.4
Gujarat,Bhavnagar,Shetrunji Reservoir,2009,november,8.1
Gujarat,Bhavnagar,Shetrunji Reservoir,2009,december,0
Gujarat,Bhavnagar,Shetrunji Reservoir,2010,january,0.2
Gujarat,Bhavnagar,Shetrunji Reservoir,2010,february,0
Gujarat,Bhavnagar,Shetrunji Reservoir,2010,march,0
Gujarat,Bhavnagar,Shetrunji Reservoir,2010,april,0
Gujarat,Bhavnagar,Shetrunji Reservoir,2010,may,0
Gujarat,Bhavnagar,Shetrunji Reservoir,2010,june,59.3
Gujarat,Bhavnagar,Shetrunji Reservoir,2010,july,328.2
Gujarat,Bhavnagar,Shetrunji Reservoir,2010,august,431
Gujarat,Bhavnagar,Shetrunji Reservoir,2010,september,216.6
Gujarat,Bhavnagar,Shetrunji Reservoir,2010,october,12.2
Gujarat,Bhavnagar,Shetrunji Reservoir,2010,november,41
Gujarat,Bhavnagar,Shetrunji Reservoir,2010,december,0.2
Gujarat,Bhavnagar,Shetrunji Reservoir,2011,january,0
Gujarat,Bhavnagar,Shetrunji Reservoir,2011,february,0.2
Gujarat,Bhavnagar,Shetrunji Reservoir,2011,march,0
Gujarat,Bhavnagar,Shetrunji Reservoir,2011,april,0
Gujarat,Bhavnagar,Shetrunji Reservoir,2011,may,0
Gujarat,Bhavnagar,Shetrunji Reservoir,2011,june,16.3
Gujarat,Bhavnagar,Shetrunji Reservoir,2011,july,259.2
Gujarat,Bhavnagar,Shetrunji Reservoir,2011,august,451.7
Gujarat,Bhavnagar,Shetrunji Reservoir,2011,september,162.5
Gujarat,Bhavnagar,Shetrunji Reservoir,2011,october,0.4
Gujarat,Bhavnagar,Shetrunji Reservoir,2011,november,0
Gujarat,Bhavnagar,Shetrunji Reservoir,2011,december,0
Gujarat,Bhavnagar,Shetrunji Reservoir,2012,january,0.1
Gujarat,Bhavnagar,Shetrunji Reservoir,2012,february,0
Gujarat,Bhavnagar,Shetrunji Reservoir,2012,march,0
Gujarat,Bhavnagar,Shetrunji Reservoir,2012,april,0
Gujarat,Bhavnagar,Shetrunji Reservoir,2012,may,0
Gujarat,Bhavnagar,Shetrunji Reservoir,2012,june,34.4
Gujarat,Bhavnagar,Shetrunji Reservoir,2012,july,178.2
Gujarat,Bhavnagar,Shetrunji Reservoir,2012,august,230.3
Gujarat,Bhavnagar,Shetrunji Reservoir,2012,september,263.8
Gujarat,Bhavnagar,Shetrunji Reservoir,2012,october,7.1
Gujarat,Bhavnagar,Shetrunji Reservoir,2012,november,0
Gujarat,Bhavnagar,Shetrunji Reservoir,2012,december,0
Gujarat,Bhavnagar,Shetrunji Reservoir,2013,january,0
Gujarat,Bhavnagar,Shetrunji Reservoir,2013,february,0.9
Gujarat,Bhavnagar,Shetrunji Reservoir,2013,march,0.1
Gujarat,Bhavnagar,Shetrunji Reservoir,2013,april,4.6
Gujarat,Bhavnagar,Shetrunji Reservoir,2013,may,0
Gujarat,Bhavnagar,Shetrunji Reservoir,2013,june,155.7
Gujarat,Bhavnagar,Shetrunji Reservoir,2013,july,405.4
Gujarat,Bhavnagar,Shetrunji Reservoir,2013,august,211.1
Gujarat,Bhavnagar,Shetrunji Reservoir,2013,september,287.3
Gujarat,Bhavnagar,Shetrunji Reservoir,2013,october,53.2
Gujarat,Bhavnagar,Shetrunji Reservoir,2013,november,0.1
Gujarat,Bhavnagar,Shetrunji Reservoir,2013,december,0
Gujarat,Bhavnagar,Shetrunji Reservoir,2014,january,5.7
Gujarat,Bhavnagar,Shetrunji Reservoir,2014,february,0.1
Gujarat,Bhavnagar,Shetrunji Reservoir,2014,march,0.2
Gujarat,Bhavnagar,Shetrunji Reservoir,2014,april,1
Gujarat,Bhavnagar,Shetrunji Reservoir,2014,may,1.3
Gujarat,Bhavnagar,Shetrunji Reservoir,2014,june,11.6
Gujarat,Bhavnagar,Shetrunji Reservoir,2014,july,307.5
Gujarat,Bhavnagar,Shetrunji Reservoir,2014,august,138.6
Gujarat,Bhavnagar,Shetrunji Reservoir,2014,september,235.1
Gujarat,Bhavnagar,Shetrunji Reservoir,2014,october,3.3
Gujarat,Bhavnagar,Shetrunji Reservoir,2014,november,1.3
Gujarat,Bhavnagar,Shetrunji Reservoir,2014,december,0
Gujarat,Bhavnagar,Shetrunji Reservoir,2015,january,1.8
Gujarat,Bhavnagar,Shetrunji Reservoir,2015,february,0
Gujarat,Bhavnagar,Shetrunji Reservoir,2015,march,6.1
Gujarat,Bhavnagar,Shetrunji Reservoir,2015,april,5.5
Gujarat,Bhavnagar,Shetrunji Reservoir,2015,may,0.9
Gujarat,Bhavnagar,Shetrunji Reservoir,2015,june,120.7
Gujarat,Bhavnagar,Shetrunji Reservoir,2015,july,354.7
Gujarat,Bhavnagar,Shetrunji Reservoir,2015,august,37.4
Gujarat,Bhavnagar,Shetrunji Reservoir,2015,september,93.4
Gujarat,Bhavnagar,Shetrunji Reservoir,2015,october,2.2
Gujarat,Bhavnagar,Shetrunji Reservoir,2015,november,0.3
Gujarat,Bhavnagar,Shetrunji Reservoir,2015,december,0
Gujarat,Bhavnagar,Shetrunji Reservoir,2016,january,0
Gujarat,Bhavnagar,Shetrunji Reservoir,2016,february,0
Gujarat,Bhavnagar,Shetrunji Reservoir,2016,march,0.6
Gujarat,Bhavnagar,Shetrunji Reservoir,2016,april,0
Gujarat,Bhavnagar,Shetrunji Reservoir,2016,may,0.4
Gujarat,Bhavnagar,Shetrunji Reservoir,2016,june,31.8
Gujarat,Bhavnagar,Shetrunji Reservoir,2016,july,255.8
Gujarat,Bhavnagar,Shetrunji Reservoir,2016,august,303.9
Gujarat,Bhavnagar,Shetrunji Reservoir,2016,september,105.3
Gujarat,Bhavnagar,Shetrunji Reservoir,2016,october,66.9
Gujarat,Bhavnagar,Shetrunji Reservoir,2016,november,0
Gujarat,Bhavnagar,Shetrunji Reservoir,2016,december,0
Gujarat,Bhavnagar,Shetrunji Reservoir,2017,january,0
Gujarat,Bhavnagar,Shetrunji Reservoir,2017,february,0
Gujarat,Bhavnagar,Shetrunji Reservoir,2017,march,0
Gujarat,Bhavnagar,Shetrunji Reservoir,2017,april,0
Gujarat,Bhavnagar,Shetrunji Reservoir,2017,may,0.2
Gujarat,Bhavnagar,Shetrunji Reservoir,2017,june,137.7
Gujarat,Bhavnagar,Shetrunji Reservoir,2017,july,613.1
Gujarat,Bhavnagar,Shetrunji Reservoir,2017,august,179.7
Gujarat,Bhavnagar,Shetrunji Reservoir,2017,september,67.2
Gujarat,Bhavnagar,Shetrunji Reservoir,2017,october,15.5
Gujarat,Bhavnagar,Shetrunji Reservoir,2017,november,0
Gujarat,Bhavnagar,Shetrunji Reservoir,2017,december,11
Gujarat,Bhavnagar,Shetrunji Reservoir,2018,january,
Gujarat,Bhavnagar,Shetrunji Reservoir,2018,february,
Gujarat,Bhavnagar,Shetrunji Reservoir,2018,march,
Gujarat,Bhavnagar,Shetrunji Reservoir,2018,april,
Gujarat,Bhavnagar,Shetrunji Reservoir,2018,may,
Gujarat,Bhavnagar,Shetrunji Reservoir,2018,june,
Gujarat,Bhavnagar,Shetrunji Reservoir,2018,july,
Gujarat,Bhavnagar,Shetrunji Reservoir,2018,august,
Gujarat,Bhavnagar,Shetrunji Reservoir,2018,september,
Gujarat,Bhavnagar,Shetrunji Reservoir,2018,october,
Gujarat,Bhavnagar,Shetrunji Reservoir,2018,november,
Gujarat,Bhavnagar,Shetrunji Reservoir,2018,december,
Gujarat,Bhavnagar,Shetrunji Reservoir,2019,january,
Gujarat,Bhavnagar,Shetrunji Reservoir,2019,february,
Gujarat,Bhavnagar,Shetrunji Reservoir,2019,march,
Gujarat,Bhavnagar,Shetrunji Reservoir,2019,april,
Gujarat,Bhavnagar,Shetrunji Reservoir,2019,may,
Gujarat,Bhavnagar,Shetrunji Reservoir,2019,june,
Gujarat,Bhavnagar,Shetrunji Reservoir,2019,july,
Gujarat,Bhavnagar,Shetrunji Reservoir,2019,august,
Gujarat,Bhavnagar,Shetrunji Reservoir,2019,september,
Gujarat,Bhavnagar,Shetrunji Reservoir,2019,october,
Gujarat,Bhavnagar,Shetrunji Reservoir,2019,november,
Gujarat,Bhavnagar,Shetrunji Reservoir,2019,december,
Gujarat,Bhavnagar,Shetrunji Reservoir,2020,january,
Gujarat,Bhavnagar,Shetrunji Reservoir,2020,february,
Gujarat,Bhavnagar,Shetrunji Reservoir,2020,march,
Gujarat,Bhavnagar,Shetrunji Reservoir,2020,april,
Gujarat,Bhavnagar,Shetrunji Reservoir,2020,may,
Gujarat,Bhavnagar,Shetrunji Reservoir,2020,june,
Gujarat,Bhavnagar,Shetrunji Reservoir,2020,july,
Gujarat,Bhavnagar,Shetrunji Reservoir,2020,august,
Gujarat,Bhavnagar,Shetrunji Reservoir,2020,september,
Gujarat,Bhavnagar,Shetrunji Reservoir,2020,october,
Gujarat,Bhavnagar,Shetrunji Reservoir,2020,november,
Gujarat,Bhavnagar,Shetrunji Reservoir,2020,december,
Gujarat,Bhavnagar,Shetrunji Reservoir,2021,january,
Gujarat,Bhavnagar,Shetrunji Reservoir,2021,february,
Gujarat,Bhavnagar,Shetrunji Reservoir,2021,march,
Gujarat,Bhavnagar,Shetrunji Reservoir,2021,april,
Gujarat,Bhavnagar,Shetrunji Reservoir,2021,may,
Gujarat,Bhavnagar,Shetrunji Reservoir,2021,june,
Gujarat,Bhavnagar,Shetrunji Reservoir,2021,july,
Gujarat,Bhavnagar,Shetrunji Reservoir,2021,august,
Gujarat,Bhavnagar,Shetrunji Reservoir,2021,september,
Gujarat,Bhavnagar,Shetrunji Reservoir,2021,october,
Gujarat,Bhavnagar,Shetrunji Reservoir,2021,november,
Gujarat,Bhavnagar,Shetrunji Reservoir,2021,december,
Gujarat,Bhavnagar,Shetrunji Reservoir,2022,january,
Gujarat,Bhavnagar,Shetrunji Reservoir,2022,february,
Gujarat,Bhavnagar,Shetrunji Reservoir,2022,march,
Gujarat,Bhavnagar,Shetrunji Reservoir,2022,april,
Gujarat,Bhavnagar,Shetrunji Reservoir,2022,may,
Gujarat,Bhavnagar,Shetrunji Reservoir,2022,june,
Gujarat,Bhavnagar,Shetrunji Reservoir,2022,july,
Gujarat,Bhavnagar,Shetrunji Reservoir,2022,august,
Gujarat,Bhavnagar,Shetrunji Reservoir,2022,september,
Gujarat,Bhavnagar,Shetrunji Reservoir,2022,october,
Gujarat,Bhavnagar,Shetrunji Reservoir,2022,november,
Gujarat,Bhavnagar,Shetrunji Reservoir,2022,december,
Gujarat,Bhavnagar,Shetrunji Reservoir,2023,january,
Gujarat,Bhavnagar,Shetrunji Reservoir,2023,february,
Gujarat,Bhavnagar,Shetrunji Reservoir,2023,march,
Gujarat,Bhavnagar,Shetrunji Reservoir,2023,april,
Gujarat,Bhavnagar,Shetrunji Reservoir,2023,may,
Gujarat,Bhavnagar,Shetrunji Reservoir,2023,june,
Gujarat,Bhavnagar,Shetrunji Reservoir,2023,july,
Gujarat,Bhavnagar,Shetrunji Reservoir,2023,august,
Gujarat,Bhavnagar,Shetrunji Reservoir,2023,september,
Gujarat,Bhavnagar,Shetrunji Reservoir,2023,october,
Gujarat,Bhavnagar,Shetrunji Reservoir,2023,november,
Gujarat,Bhavnagar,Shetrunji Reservoir,2023,december,
Gujarat,Porbandar,Advana,2009,january,0
Gujarat,Porbandar,Advana,2009,february,0
Gujarat,Porbandar,Advana,2009,march,0.3
Gujarat,Porbandar,Advana,2009,april,0
Gujarat,Porbandar,Advana,2009,may,0
Gujarat,Porbandar,Advana,2009,june,17
Gujarat,Porbandar,Advana,2009,july,390.3
Gujarat,Porbandar,Advana,2009,august,143.5
Gujarat,Porbandar,Advana,2009,september,54.9
Gujarat,Porbandar,Advana,2009,october,27.4
Gujarat,Porbandar,Advana,2009,november,8.1
Gujarat,Porbandar,Advana,2009,december,0
Gujarat,Porbandar,Advana,2010,january,0.2
Gujarat,Porbandar,Advana,2010,february,0
Gujarat,Porbandar,Advana,2010,march,0
Gujarat,Porbandar,Advana,2010,april,0
Gujarat,Porbandar,Advana,2010,may,0
Gujarat,Porbandar,Advana,2010,june,59.3
Gujarat,Porbandar,Advana,2010,july,328.2
Gujarat,Porbandar,Advana,2010,august,431
Gujarat,Porbandar,Advana,2010,september,216.6
Gujarat,Porbandar,Advana,2010,october,12.2
Gujarat,Porbandar,Advana,2010,november,41
Gujarat,Porbandar,Advana,2010,december,0.2
Gujarat,Porbandar,Advana,2011,january,0
Gujarat,Porbandar,Advana,2011,february,0.2
Gujarat,Porbandar,Advana,2011,march,0
Gujarat,Porbandar,Advana,2011,april,0
Gujarat,Porbandar,Advana,2011,may,0
Gujarat,Porbandar,Advana,2011,june,16.3
Gujarat,Porbandar,Advana,2011,july,259.2
Gujarat,Porbandar,Advana,2011,august,451.7
Gujarat,Porbandar,Advana,2011,september,162.5
Gujarat,Porbandar,Advana,2011,october,0.4
Gujarat,Porbandar,Advana,2011,november,0
Gujarat,Porbandar,Advana,2011,december,0
Gujarat,Porbandar,Advana,2012,january,0.1
Gujarat,Porbandar,Advana,2012,february,0
Gujarat,Porbandar,Advana,2012,march,0
Gujarat,Porbandar,Advana,2012,april,0
Gujarat,Porbandar,Advana,2012,may,0
Gujarat,Porbandar,Advana,2012,june,34.4
Gujarat,Porbandar,Advana,2012,july,178.2
Gujarat,Porbandar,Advana,2012,august,230.3
Gujarat,Porbandar,Advana,2012,september,263.8
Gujarat,Porbandar,Advana,2012,october,7.1
Gujarat,Porbandar,Advana,2012,november,0
Gujarat,Porbandar,Advana,2012,december,0
Gujarat,Porbandar,Advana,2013,january,0
Gujarat,Porbandar,Advana,2013,february,0.9
Gujarat,Porbandar,Advana,2013,march,0.1
Gujarat,Porbandar,Advana,2013,april,4.6
Gujarat,Porbandar,Advana,2013,may,0
Gujarat,Porbandar,Advana,2013,june,155.7
Gujarat,Porbandar,Advana,2013,july,405.4
Gujarat,Porbandar,Advana,2013,august,211.1
Gujarat,Porbandar,Advana,2013,september,287.3
Gujarat,Porbandar,Advana,2013,october,53.2
Gujarat,Porbandar,Advana,2013,november,0.1
Gujarat,Porbandar,Advana,2013,december,0
Gujarat,Porbandar,Advana,2014,january,5.7
Gujarat,Porbandar,Advana,2014,february,0.1
Gujarat,Porbandar,Advana,2014,march,0.2
Gujarat,Porbandar,Advana,2014,april,1
Gujarat,Porbandar,Advana,2014,may,1.3
Gujarat,Porbandar,Advana,2014,june,11.6
Gujarat,Porbandar,Advana,2014,july,307.5
Gujarat,Porbandar,Advana,2014,august,138.6
Gujarat,Porbandar,Advana,2014,september,235.1
Gujarat,Porbandar,Advana,2014,october,3.3
Gujarat,Porbandar,Advana,2014,november,1.3
Gujarat,Porbandar,Advana,2014,december,0
Gujarat,Porbandar,Advana,2015,january,1.8
Gujarat,Porbandar,Advana,2015,february,0
Gujarat,Porbandar,Advana,2015,march,6.1
Gujarat,Porbandar,Advana,2015,april,5.5
Gujarat,Porbandar,Advana,2015,may,0.9
Gujarat,Porbandar,Advana,2015,june,120.7
Gujarat,Porbandar,Advana,2015,july,354.7
Gujarat,Porbandar,Advana,2015,august,37.4
Gujarat,Porbandar,Advana,2015,september,93.4
Gujarat,Porbandar,Advana,2015,october,2.2
Gujarat,Porbandar,Advana,2015,november,0.3
Gujarat,Porbandar,Advana,2015,december,0
Gujarat,Porbandar,Advana,2016,january,0
Gujarat,Porbandar,Advana,2016,february,0
Gujarat,Porbandar,Advana,2016,march,0.6
Gujarat,Porbandar,Advana,2016,april,0
Gujarat,Porbandar,Advana,2016,may,0.4
Gujarat,Porbandar,Advana,2016,june,31.8
Gujarat,Porbandar,Advana,2016,july,255.8
Gujarat,Porbandar,Advana,2016,august,303.9
Gujarat,Porbandar,Advana,2016,september,105.3
Gujarat,Porbandar,Advana,2016,october,66.9
Gujarat,Porbandar,Advana,2016,november,0
Gujarat,Porbandar,Advana,2016,december,0
Gujarat,Porbandar,Advana,2017,january,0
Gujarat,Porbandar,Advana,2017,february,0
Gujarat,Porbandar,Advana,2017,march,0
Gujarat,Porbandar,Advana,2017,april,0
Gujarat,Porbandar,Advana,2017,may,0.2
Gujarat,Porbandar,Advana,2017,june,137.7
Gujarat,Porbandar,Advana,2017,july,613.1
Gujarat,Porbandar,Advana,2017,august,179.7
Gujarat,Porbandar,Advana,2017,september,67.2
Gujarat,Porbandar,Advana,2017,october,15.5
Gujarat,Porbandar,Advana,2017,november,0
Gujarat,Porbandar,Advana,2017,december,11
Gujarat,Porbandar,Advana,2018,january,
Gujarat,Porbandar,Advana,2018,february,
Gujarat,Porbandar,Advana,2018,march,
Gujarat,Porbandar,Advana,2018,april,
Gujarat,Porbandar,Advana,2018,may,
Gujarat,Porbandar,Advana,2018,june,
Gujarat,Porbandar,Advana,2018,july,
Gujarat,Porbandar,Advana,2018,august,
Gujarat,Porbandar,Advana,2018,september,
Gujarat,Porbandar,Advana,2018,october,
Gujarat,Porbandar,Advana,2018,november,
Gujarat,Porbandar,Advana,2018,december,
Gujarat,Porbandar,Advana,2019,january,
Gujarat,Porbandar,Advana,2019,february,
Gujarat,Porbandar,Advana,2019,march,
Gujarat,Porbandar,Advana,2019,april,
Gujarat,Porbandar,Advana,2019,may,
Gujarat,Porbandar,Advana,2019,june,
Gujarat,Porbandar,Advana,2019,july,
Gujarat,Porbandar,Advana,2019,august,
Gujarat,Porbandar,Advana,2019,september,
Gujarat,Porbandar,Advana,2019,october,
Gujarat,Porbandar,Advana,2019,november,
Gujarat,Porbandar,Advana,2019,december,
Gujarat,Porbandar,Advana,2020,january,
Gujarat,Porbandar,Advana,2020,february,
Gujarat,Porbandar,Advana,2020,march,
Gujarat,Porbandar,Advana,2020,april,
Gujarat,Porbandar,Advana,2020,may,
Gujarat,Porbandar,Advana,2020,june,
Gujarat,Porbandar,Advana,2020,july,
Gujarat,Porbandar,Advana,2020,august,
Gujarat,Porbandar,Advana,2020,september,
Gujarat,Porbandar,Advana,2020,october,
Gujarat,Porbandar,Advana,2020,november,
Gujarat,Porbandar,Advana,2020,december,
Gujarat,Porbandar,Advana,2021,january,
Gujarat,Porbandar,Advana,2021,february,
Gujarat,Porbandar,Advana,2021,march,
Gujarat,Porbandar,Advana,2021,april,
Gujarat,Porbandar,Advana,2021,may,
Gujarat,Porbandar,Advana,2021,june,
Gujarat,Porbandar,Advana,2021,july,
Gujarat,Porbandar,Advana,2021,august,
Gujarat,Porbandar,Advana,2021,september,
Gujarat,Porbandar,Advana,2021,october,
Gujarat,Porbandar,Advana,2021,november,
Gujarat,Porbandar,Advana,2021,december,
Gujarat,Porbandar,Advana,2022,january,
Gujarat,Porbandar,Advana,2022,february,
Gujarat,Porbandar,Advana,2022,march,
Gujarat,Porbandar,Advana,2022,april,
Gujarat,Porbandar,Advana,2022,may,
Gujarat,Porbandar,Advana,2022,june,
Gujarat,Porbandar,Advana,2022,july,
Gujarat,Porbandar,Advana,2022,august,
Gujarat,Porbandar,Advana,2022,september,
Gujarat,Porbandar,Advana,2022,october,
Gujarat,Porbandar,Advana,2022,november,
Gujarat,Porbandar,Advana,2022,december,
Gujarat,Porbandar,Advana,2023,january,
Gujarat,Porbandar,Advana,2023,february,
Gujarat,Porbandar,Advana,2023,march,
Gujarat,Porbandar,Advana,2023,april,
Gujarat,Porbandar,Advana,2023,may,
Gujarat,Porbandar,Advana,2023,june,
Gujarat,Porbandar,Advana,2023,july,
Gujarat,Porbandar,Advana,2023,august,
Gujarat,Porbandar,Advana,2023,september,
Gujarat,Porbandar,Advana,2023,october,
Gujarat,Porbandar,Advana,2023,november,
Gujarat,Porbandar,Advana,2023,december,
Gujarat,Rajkot,Aji-I,2009,january,0
Gujarat,Rajkot,Aji-I,2009,february,0
Gujarat,Rajkot,Aji-I,2009,march,0.3
Gujarat,Rajkot,Aji-I,2009,april,0
Gujarat,Rajkot,Aji-I,2009,may,0
Gujarat,Rajkot,Aji-I,2009,june,17
Gujarat,Rajkot,Aji-I,2009,july,390.3
Gujarat,Rajkot,Aji-I,2009,august,143.5
Gujarat,Rajkot,Aji-I,2009,september,54.9
Gujarat,Rajkot,Aji-I,2009,october,27.4
Gujarat,Rajkot,Aji-I,2009,november,8.1
Gujarat,Rajkot,Aji-I,2009,december,0
Gujarat,Rajkot,Aji-I,2010,january,0.2
Gujarat,Rajkot,Aji-I,2010,february,0
Gujarat,Rajkot,Aji-I,2010,march,0
Gujarat,Rajkot,Aji-I,2010,april,0
Gujarat,Rajkot,Aji-I,2010,may,0
Gujarat,Rajkot,Aji-I,2010,june,59.3
Gujarat,Rajkot,Aji-I,2010,july,328.2
Gujarat,Rajkot,Aji-I,2010,august,431
Gujarat,Rajkot,Aji-I,2010,september,216.6
Gujarat,Rajkot,Aji-I,2010,october,12.2
Gujarat,Rajkot,Aji-I,2010,november,41
Gujarat,Rajkot,Aji-I,2010,december,0.2
Gujarat,Rajkot,Aji-I,2011,january,0
Gujarat,Rajkot,Aji-I,2011,february,0.2
Gujarat,Rajkot,Aji-I,2011,march,0
Gujarat,Rajkot,Aji-I,2011,april,0
Gujarat,Rajkot,Aji-I,2011,may,0
Gujarat,Rajkot,Aji-I,2011,june,16.3
Gujarat,Rajkot,Aji-I,2011,july,259.2
Gujarat,Rajkot,Aji-I,2011,august,451.7
Gujarat,Rajkot,Aji-I,2011,september,162.5
Gujarat,Rajkot,Aji-I,2011,october,0.4
Gujarat,Rajkot,Aji-I,2011,november,0
Gujarat,Rajkot,Aji-I,2011,december,0
Gujarat,Rajkot,Aji-I,2012,january,0.1
Gujarat,Rajkot,Aji-I,2012,february,0
Gujarat,Rajkot,Aji-I,2012,march,0
Gujarat,Rajkot,Aji-I,2012,april,0
Gujarat,Rajkot,Aji-I,2012,may,0
Gujarat,Rajkot,Aji-I,2012,june,34.4
Gujarat,Rajkot,Aji-I,2012,july,178.2
Gujarat,Rajkot,Aji-I,2012,august,230.3
Gujarat,Rajkot,Aji-I,2012,september,263.8
Gujarat,Rajkot,Aji-I,2012,october,7.1
Gujarat,Rajkot,Aji-I,2012,november,0
Gujarat,Rajkot,Aji-I,2012,december,0
Gujarat,Rajkot,Aji-I,2013,january,0
Gujarat,Rajkot,Aji-I,2013,february,0.9
Gujarat,Rajkot,Aji-I,2013,march,0.1
Gujarat,Rajkot,Aji-I,2013,april,4.6
Gujarat,Rajkot,Aji-I,2013,may,0
Gujarat,Rajkot,Aji-I,2013,june,155.7
Gujarat,Rajkot,Aji-I,2013,july,405.4
Gujarat,Rajkot,Aji-I,2013,august,211.1
Gujarat,Rajkot,Aji-I,2013,september,287.3
Gujarat,Rajkot,Aji-I,2013,october,53.2
Gujarat,Rajkot,Aji-I,2013,november,0.1
Gujarat,Rajkot,Aji-I,2013,december,0
Gujarat,Rajkot,Aji-I,2014,january,5.7
Gujarat,Rajkot,Aji-I,2014,february,0.1
Gujarat,Rajkot,Aji-I,2014,march,0.2
Gujarat,Rajkot,Aji-I,2014,april,1
Gujarat,Rajkot,Aji-I,2014,may,1.3
Gujarat,Rajkot,Aji-I,2014,june,11.6
Gujarat,Rajkot,Aji-I,2014,july,307.5
Gujarat,Rajkot,Aji-I,2014,august,138.6
Gujarat,Rajkot,Aji-I,2014,september,235.1
Gujarat,Rajkot,Aji-I,2014,october,3.3
Gujarat,Rajkot,Aji-I,2014,november,1.3
Gujarat,Rajkot,Aji-I,2014,december,0
Gujarat,Rajkot,Aji-I,2015,january,1.8
Gujarat,Rajkot,Aji-I,2015,february,0
Gujarat,Rajkot,Aji-I,2015,march,6.1
Gujarat,Rajkot,Aji-I,2015,april,5.5
Gujarat,Rajkot,Aji-I,2015,may,0.9
Gujarat,Rajkot,Aji-I,2015,june,120.7
Gujarat,Rajkot,Aji-I,2015,july,354.7
Gujarat,Rajkot,Aji-I,2015,august,37.4
Gujarat,Rajkot,Aji-I,2015,september,93.4
Gujarat,Rajkot,Aji-I,2015,october,2.2
Gujarat,Rajkot,Aji-I,2015,november,0.3
Gujarat,Rajkot,Aji-I,2015,december,0
Gujarat,Rajkot,Aji-I,2016,january,0
Gujarat,Rajkot,Aji-I,2016,february,0
Gujarat,Rajkot,Aji-I,2016,march,0.6
Gujarat,Rajkot,Aji-I,2016,april,0
Gujarat,Rajkot,Aji-I,2016,may,0.4
Gujarat,Rajkot,Aji-I,2016,june,31.8
Gujarat,Rajkot,Aji-I,2016,july,255.8
Gujarat,Rajkot,Aji-I,2016,august,303.9
Gujarat,Rajkot,Aji-I,2016,september,105.3
Gujarat,Rajkot,Aji-I,2016,october,66.9
Gujarat,Rajkot,Aji-I,2016,november,0
Gujarat,Rajkot,Aji-I,2016,december,0
Gujarat,Rajkot,Aji-I,2017,january,0
Gujarat,Rajkot,Aji-I,2017,february,0
Gujarat,Rajkot,Aji-I,2017,march,0
Gujarat,Rajkot,Aji-I,2017,april,0
Gujarat,Rajkot,Aji-I,2017,may,0.2
Gujarat,Rajkot,Aji-I,2017,june,137.7
Gujarat,Rajkot,Aji-I,2017,july,613.1
Gujarat,Rajkot,Aji-I,2017,august,179.7
Gujarat,Rajkot,Aji-I,2017,september,67.2
Gujarat,Rajkot,Aji-I,2017,october,15.5
Gujarat,Rajkot,Aji-I,2017,november,0
Gujarat,Rajkot,Aji-I,2017,december,11
Gujarat,Rajkot,Aji-I,2018,january,
Gujarat,Rajkot,Aji-I,2018,february,
Gujarat,Rajkot,Aji-I,2018,march,
Gujarat,Rajkot,Aji-I,2018,april,
Gujarat,Rajkot,Aji-I,2018,may,
Gujarat,Rajkot,Aji-I,2018,june,
Gujarat,Rajkot,Aji-I,2018,july,
Gujarat,Rajkot,Aji-I,2018,august,
Gujarat,Rajkot,Aji-I,2018,september,
Gujarat,Rajkot,Aji-I,2018,october,
Gujarat,Rajkot,Aji-I,2018,november,
Gujarat,Rajkot,Aji-I,2018,december,
Gujarat,Rajkot,Aji-I,2019,january,
Gujarat,Rajkot,Aji-I,2019,february,
Gujarat,Rajkot,Aji-I,2019,march,
Gujarat,Rajkot,Aji-I,2019,april,
Gujarat,Rajkot,Aji-I,2019,may,
Gujarat,Rajkot,Aji-I,2019,june,
Gujarat,Rajkot,Aji-I,2019,july,
Gujarat,Rajkot,Aji-I,2019,august,
Gujarat,Rajkot,Aji-I,2019,september,
Gujarat,Rajkot,Aji-I,2019,october,
Gujarat,Rajkot,Aji-I,2019,november,
Gujarat,Rajkot,Aji-I,2019,december,
Gujarat,Rajkot,Aji-I,2020,january,
Gujarat,Rajkot,Aji-I,2020,february,
Gujarat,Rajkot,Aji-I,2020,march,
Gujarat,Rajkot,Aji-I,2020,april,
Gujarat,Rajkot,Aji-I,2020,may,
Gujarat,Rajkot,Aji-I,2020,june,
Gujarat,Rajkot,Aji-I,2020,july,
Gujarat,Rajkot,Aji-I,2020,august,
Gujarat,Rajkot,Aji-I,2020,september,
Gujarat,Rajkot,Aji-I,2020,october,
Gujarat,Rajkot,Aji-I,2020,november,
Gujarat,Rajkot,Aji-I,2020,december,
Gujarat,Rajkot,Aji-I,2021,january,
Gujarat,Rajkot,Aji-I,2021,february,
Gujarat,Rajkot,Aji-I,2021,march,
Gujarat,Rajkot,Aji-I,2021,april,
Gujarat,Rajkot,Aji-I,2021,may,
Gujarat,Rajkot,Aji-I,2021,june,
Gujarat,Rajkot,Aji-I,2021,july,
Gujarat,Rajkot,Aji-I,2021,august,
Gujarat,Rajkot,Aji-I,2021,september,
Gujarat,Rajkot,Aji-I,2021,october,
Gujarat,Rajkot,Aji-I,2021,november,
Gujarat,Rajkot,Aji-I,2021,december,
Gujarat,Rajkot,Aji-I,2022,january,
Gujarat,Rajkot,Aji-I,2022,february,
Gujarat,Rajkot,Aji-I,2022,march,
Gujarat,Rajkot,Aji-I,2022,april,
Gujarat,Rajkot,Aji-I,2022,may,
Gujarat,Rajkot,Aji-I,2022,june,
Gujarat,Rajkot,Aji-I,2022,july,
Gujarat,Rajkot,Aji-I,2022,august,
Gujarat,Rajkot,Aji-I,2022,september,
Gujarat,Rajkot,Aji-I,2022,october,
Gujarat,Rajkot,Aji-I,2022,november,
Gujarat,Rajkot,Aji-I,2022,december,
Gujarat,Rajkot,Aji-I,2023,january,
Gujarat,Rajkot,Aji-I,2023,february,
Gujarat,Rajkot,Aji-I,2023,march,
Gujarat,Rajkot,Aji-I,2023,april,
Gujarat,Rajkot,Aji-I,2023,may,
Gujarat,Rajkot,Aji-I,2023,june,
Gujarat,Rajkot,Aji-I,2023,july,
Gujarat,Rajkot,Aji-I,2023,august,
Gujarat,Rajkot,Aji-I,2023,september,
Gujarat,Rajkot,Aji-I,2023,october,
Gujarat,Rajkot,Aji-I,2023,november,
Gujarat,Rajkot,Aji-I,2023,december,
Gujarat,Rajkot,Aji - II,2009,january,0
Gujarat,Rajkot,Aji - II,2009,february,0
Gujarat,Rajkot,Aji - II,2009,march,0.3
Gujarat,Rajkot,Aji - II,2009,april,0
Gujarat,Rajkot,Aji - II,2009,may,0
Gujarat,Rajkot,Aji - II,2009,june,17
Gujarat,Rajkot,Aji - II,2009,july,390.3
Gujarat,Rajkot,Aji - II,2009,august,143.5
Gujarat,Rajkot,Aji - II,2009,september,54.9
Gujarat,Rajkot,Aji - II,2009,october,27.4
Gujarat,Rajkot,Aji - II,2009,november,8.1
Gujarat,Rajkot,Aji - II,2009,december,0
Gujarat,Rajkot,Aji - II,2010,january,0.2
Gujarat,Rajkot,Aji - II,2010,february,0
Gujarat,Rajkot,Aji - II,2010,march,0
Gujarat,Rajkot,Aji - II,2010,april,0
Gujarat,Rajkot,Aji - II,2010,may,0
Gujarat,Rajkot,Aji - II,2010,june,59.3
Gujarat,Rajkot,Aji - II,2010,july,328.2
Gujarat,Rajkot,Aji - II,2010,august,431
Gujarat,Rajkot,Aji - II,2010,september,216.6
Gujarat,Rajkot,Aji - II,2010,october,12.2
Gujarat,Rajkot,Aji - II,2010,november,41
Gujarat,Rajkot,Aji - II,2010,december,0.2
Gujarat,Rajkot,Aji - II,2011,january,0
Gujarat,Rajkot,Aji - II,2011,february,0.2
Gujarat,Rajkot,Aji - II,2011,march,0
Gujarat,Rajkot,Aji - II,2011,april,0
Gujarat,Rajkot,Aji - II,2011,may,0
Gujarat,Rajkot,Aji - II,2011,june,16.3
Gujarat,Rajkot,Aji - II,2011,july,259.2
Gujarat,Rajkot,Aji - II,2011,august,451.7
Gujarat,Rajkot,Aji - II,2011,september,162.5
Gujarat,Rajkot,Aji - II,2011,october,0.4
Gujarat,Rajkot,Aji - II,2011,november,0
Gujarat,Rajkot,Aji - II,2011,december,0
Gujarat,Rajkot,Aji - II,2012,january,0.1
Gujarat,Rajkot,Aji - II,2012,february,0
Gujarat,Rajkot,Aji - II,2012,march,0
Gujarat,Rajkot,Aji - II,2012,april,0
Gujarat,Rajkot,Aji - II,2012,may,0
Gujarat,Rajkot,Aji - II,2012,june,34.4
Gujarat,Rajkot,Aji - II,2012,july,178.2
Gujarat,Rajkot,Aji - II,2012,august,230.3
Gujarat,Rajkot,Aji - II,2012,september,263.8
Gujarat,Rajkot,Aji - II,2012,october,7.1
Gujarat,Rajkot,Aji - II,2012,november,0
Gujarat,Rajkot,Aji - II,2012,december,0
Gujarat,Rajkot,Aji - II,2013,january,0
Gujarat,Rajkot,Aji - II,2013,february,0.9
Gujarat,Rajkot,Aji - II,2013,march,0.1
Gujarat,Rajkot,Aji - II,2013,april,4.6
Gujarat,Rajkot,Aji - II,2013,may,0
Gujarat,Rajkot,Aji - II,2013,june,155.7
Gujarat,Rajkot,Aji - II,2013,july,405.4
Gujarat,Rajkot,Aji - II,2013,august,211.1
Gujarat,Rajkot,Aji - II,2013,september,287.3
Gujarat,Rajkot,Aji - II,2013,october,53.2
Gujarat,Rajkot,Aji - II,2013,november,0.1
Gujarat,Rajkot,Aji - II,2013,december,0
Gujarat,Rajkot,Aji - II,2014,january,5.7
Gujarat,Rajkot,Aji - II,2014,february,0.1
Gujarat,Rajkot,Aji - II,2014,march,0.2
Gujarat,Rajkot,Aji - II,2014,april,1
Gujarat,Rajkot,Aji - II,2014,may,1.3
Gujarat,Rajkot,Aji - II,2014,june,11.6
Gujarat,Rajkot,Aji - II,2014,july,307.5
Gujarat,Rajkot,Aji - II,2014,august,138.6
Gujarat,Rajkot,Aji - II,2014,september,235.1
Gujarat,Rajkot,Aji - II,2014,october,3.3
Gujarat,Rajkot,Aji - II,2014,november,1.3
Gujarat,Rajkot,Aji - II,2014,december,0
Gujarat,Rajkot,Aji - II,2015,january,1.8
Gujarat,Rajkot,Aji - II,2015,february,0
Gujarat,Rajkot,Aji - II,2015,march,6.1
Gujarat,Rajkot,Aji - II,2015,april,5.5
Gujarat,Rajkot,Aji - II,2015,may,0.9
Gujarat,Rajkot,Aji - II,2015,june,120.7
Gujarat,Rajkot,Aji - II,2015,july,354.7
Gujarat,Rajkot,Aji - II,2015,august,37.4
Gujarat,Rajkot,Aji - II,2015,september,93.4
Gujarat,Rajkot,Aji - II,2015,october,2.2
Gujarat,Rajkot,Aji - II,2015,november,0.3
Gujarat,Rajkot,Aji - II,2015,december,0
Gujarat,Rajkot,Aji - II,2016,january,0
Gujarat,Rajkot,Aji - II,2016,february,0
Gujarat,Rajkot,Aji - II,2016,march,0.6
Gujarat,Rajkot,Aji - II,2016,april,0
Gujarat,Rajkot,Aji - II,2016,may,0.4
Gujarat,Rajkot,Aji - II,2016,june,31.8
Gujarat,Rajkot,Aji - II,2016,july,255.8
Gujarat,Rajkot,Aji - II,2016,august,303.9
Gujarat,Rajkot,Aji - II,2016,september,105.3
Gujarat,Rajkot,Aji - II,2016,october,66.9
Gujarat,Rajkot,Aji - II,2016,november,0
Gujarat,Rajkot,Aji - II,2016,december,0
Gujarat,Rajkot,Aji - II,2017,january,0
Gujarat,Rajkot,Aji - II,2017,february,0
Gujarat,Rajkot,Aji - II,2017,march,0
Gujarat,Rajkot,Aji - II,2017,april,0
Gujarat,Rajkot,Aji - II,2017,may,0.2
Gujarat,Rajkot,Aji - II,2017,june,137.7
Gujarat,Rajkot,Aji - II,2017,july,613.1
Gujarat,Rajkot,Aji - II,2017,august,179.7
Gujarat,Rajkot,Aji - II,2017,september,67.2
Gujarat,Rajkot,Aji - II,2017,october,15.5
Gujarat,Rajkot,Aji - II,2017,november,0
Gujarat,Rajkot,Aji - II,2017,december,11
Gujarat,Rajkot,Aji - II,2018,january,
Gujarat,Rajkot,Aji - II,2018,february,
Gujarat,Rajkot,Aji - II,2018,march,
Gujarat,Rajkot,Aji - II,2018,april,
Gujarat,Rajkot,Aji - II,2018,may,
Gujarat,Rajkot,Aji - II,2018,june,
Gujarat,Rajkot,Aji - II,2018,july,
Gujarat,Rajkot,Aji - II,2018,august,
Gujarat,Rajkot,Aji - II,2018,september,
Gujarat,Rajkot,Aji - II,2018,october,
Gujarat,Rajkot,Aji - II,2018,november,
Gujarat,Rajkot,Aji - II,2018,december,
Gujarat,Rajkot,Aji - II,2019,january,
Gujarat,Rajkot,Aji - II,2019,february,
Gujarat,Rajkot,Aji - II,2019,march,
Gujarat,Rajkot,Aji - II,2019,april,
Gujarat,Rajkot,Aji - II,2019,may,
Gujarat,Rajkot,Aji - II,2019,june,
Gujarat,Rajkot,Aji - II,2019,july,
Gujarat,Rajkot,Aji - II,2019,august,
Gujarat,Rajkot,Aji - II,2019,september,
Gujarat,Rajkot,Aji - II,2019,october,
Gujarat,Rajkot,Aji - II,2019,november,
Gujarat,Rajkot,Aji - II,2019,december,
Gujarat,Rajkot,Aji - II,2020,january,
Gujarat,Rajkot,Aji - II,2020,february,
Gujarat,Rajkot,Aji - II,2020,march,
Gujarat,Rajkot,Aji - II,2020,april,
Gujarat,Rajkot,Aji - II,2020,may,
Gujarat,Rajkot,Aji - II,2020,june,
Gujarat,Rajkot,Aji - II,2020,july,
Gujarat,Rajkot,Aji - II,2020,august,
Gujarat,Rajkot,Aji - II,2020,september,
Gujarat,Rajkot,Aji - II,2020,october,
Gujarat,Rajkot,Aji - II,2020,november,
Gujarat,Rajkot,Aji - II,2020,december,
Gujarat,Rajkot,Aji - II,2021,january,
Gujarat,Rajkot,Aji - II,2021,february,
Gujarat,Rajkot,Aji - II,2021,march,
Gujarat,Rajkot,Aji - II,2021,april,
Gujarat,Rajkot,Aji - II,2021,may,
Gujarat,Rajkot,Aji - II,2021,june,
Gujarat,Rajkot,Aji - II,2021,july,
Gujarat,Rajkot,Aji - II,2021,august,
Gujarat,Rajkot,Aji - II,2021,september,
Gujarat,Rajkot,Aji - II,2021,october,
Gujarat,Rajkot,Aji - II,2021,november,
Gujarat,Rajkot,Aji - II,2021,december,
Gujarat,Rajkot,Aji - II,2022,january,
Gujarat,Rajkot,Aji - II,2022,february,
Gujarat,Rajkot,Aji - II,2022,march,
Gujarat,Rajkot,Aji - II,2022,april,
Gujarat,Rajkot,Aji - II,2022,may,
Gujarat,Rajkot,Aji - II,2022,june,
Gujarat,Rajkot,Aji - II,2022,july,
Gujarat,Rajkot,Aji - II,2022,august,
Gujarat,Rajkot,Aji - II,2022,september,
Gujarat,Rajkot,Aji - II,2022,october,
Gujarat,Rajkot,Aji - II,2022,november,
Gujarat,Rajkot,Aji - II,2022,december,
Gujarat,Rajkot,Aji - II,2023,january,
Gujarat,Rajkot,Aji - II,2023,february,
Gujarat,Rajkot,Aji - II,2023,march,
Gujarat,Rajkot,Aji - II,2023,april,
Gujarat,Rajkot,Aji - II,2023,may,
Gujarat,Rajkot,Aji - II,2023,june,
Gujarat,Rajkot,Aji - II,2023,july,
Gujarat,Rajkot,Aji - II,2023,august,
Gujarat,Rajkot,Aji - II,2023,september,
Gujarat,Rajkot,Aji - II,2023,october,
Gujarat,Rajkot,Aji - II,2023,november,
Gujarat,Rajkot,Aji - II,2023,december,
Gujarat,Rajkot,Aji-III,2009,january,0
Gujarat,Rajkot,Aji-III,2009,february,0
Gujarat,Rajkot,Aji-III,2009,march,0.3
Gujarat,Rajkot,Aji-III,2009,april,0
Gujarat,Rajkot,Aji-III,2009,may,0
Gujarat,Rajkot,Aji-III,2009,june,17
Gujarat,Rajkot,Aji-III,2009,july,390.3
Gujarat,Rajkot,Aji-III,2009,august,143.5
Gujarat,Rajkot,Aji-III,2009,september,54.9
Gujarat,Rajkot,Aji-III,2009,october,27.4
Gujarat,Rajkot,Aji-III,2009,november,8.1
Gujarat,Rajkot,Aji-III,2009,december,0
Gujarat,Rajkot,Aji-III,2010,january,0.2
Gujarat,Rajkot,Aji-III,2010,february,0
Gujarat,Rajkot,Aji-III,2010,march,0
Gujarat,Rajkot,Aji-III,2010,april,0
Gujarat,Rajkot,Aji-III,2010,may,0
Gujarat,Rajkot,Aji-III,2010,june,59.3
Gujarat,Rajkot,Aji-III,2010,july,328.2
Gujarat,Rajkot,Aji-III,2010,august,431
Gujarat,Rajkot,Aji-III,2010,september,216.6
Gujarat,Rajkot,Aji-III,2010,october,12.2
Gujarat,Rajkot,Aji-III,2010,november,41
Gujarat,Rajkot,Aji-III,2010,december,0.2
Gujarat,Rajkot,Aji-III,2011,january,0
Gujarat,Rajkot,Aji-III,2011,february,0.2
Gujarat,Rajkot,Aji-III,2011,march,0
Gujarat,Rajkot,Aji-III,2011,april,0
Gujarat,Rajkot,Aji-III,2011,may,0
Gujarat,Rajkot,Aji-III,2011,june,16.3
Gujarat,Rajkot,Aji-III,2011,july,259.2
Gujarat,Rajkot,Aji-III,2011,august,451.7
Gujarat,Rajkot,Aji-III,2011,september,162.5
Gujarat,Rajkot,Aji-III,2011,october,0.4
Gujarat,Rajkot,Aji-III,2011,november,0
Gujarat,Rajkot,Aji-III,2011,december,0
Gujarat,Rajkot,Aji-III,2012,january,0.1
Gujarat,Rajkot,Aji-III,2012,february,0
Gujarat,Rajkot,Aji-III,2012,march,0
Gujarat,Rajkot,Aji-III,2012,april,0
Gujarat,Rajkot,Aji-III,2012,may,0
Gujarat,Rajkot,Aji-III,2012,june,34.4
Gujarat,Rajkot,Aji-III,2012,july,178.2
Gujarat,Rajkot,Aji-III,2012,august,230.3
Gujarat,Rajkot,Aji-III,2012,september,263.8
Gujarat,Rajkot,Aji-III,2012,october,7.1
Gujarat,Rajkot,Aji-III,2012,november,0
Gujarat,Rajkot,Aji-III,2012,december,0
Gujarat,Rajkot,Aji-III,2013,january,0
Gujarat,Rajkot,Aji-III,2013,february,0.9
Gujarat,Rajkot,Aji-III,2013,march,0.1
Gujarat,Rajkot,Aji-III,2013,april,4.6
Gujarat,Rajkot,Aji-III,2013,may,0
Gujarat,Rajkot,Aji-III,2013,june,155.7
Gujarat,Rajkot,Aji-III,2013,july,405.4
Gujarat,Rajkot,Aji-III,2013,august,211.1
Gujarat,Rajkot,Aji-III,2013,september,287.3
Gujarat,Rajkot,Aji-III,2013,october,53.2
Gujarat,Rajkot,Aji-III,2013,november,0.1
Gujarat,Rajkot,Aji-III,2013,december,0
Gujarat,Rajkot,Aji-III,2014,january,5.7
Gujarat,Rajkot,Aji-III,2014,february,0.1
Gujarat,Rajkot,Aji-III,2014,march,0.2
Gujarat,Rajkot,Aji-III,2014,april,1
Gujarat,Rajkot,Aji-III,2014,may,1.3
Gujarat,Rajkot,Aji-III,2014,june,11.6
Gujarat,Rajkot,Aji-III,2014,july,307.5
Gujarat,Rajkot,Aji-III,2014,august,138.6
Gujarat,Rajkot,Aji-III,2014,september,235.1
Gujarat,Rajkot,Aji-III,2014,october,3.3
Gujarat,Rajkot,Aji-III,2014,november,1.3
Gujarat,Rajkot,Aji-III,2014,december,0
Gujarat,Rajkot,Aji-III,2015,january,1.8
Gujarat,Rajkot,Aji-III,2015,february,0
Gujarat,Rajkot,Aji-III,2015,march,6.1
Gujarat,Rajkot,Aji-III,2015,april,5.5
Gujarat,Rajkot,Aji-III,2015,may,0.9
Gujarat,Rajkot,Aji-III,2015,june,120.7
Gujarat,Rajkot,Aji-III,2015,july,354.7
Gujarat,Rajkot,Aji-III,2015,august,37.4
Gujarat,Rajkot,Aji-III,2015,september,93.4
Gujarat,Rajkot,Aji-III,2015,october,2.2
Gujarat,Rajkot,Aji-III,2015,november,0.3
Gujarat,Rajkot,Aji-III,2015,december,0
Gujarat,Rajkot,Aji-III,2016,january,0
Gujarat,Rajkot,Aji-III,2016,february,0
Gujarat,Rajkot,Aji-III,2016,march,0.6
Gujarat,Rajkot,Aji-III,2016,april,0
Gujarat,Rajkot,Aji-III,2016,may,0.4
Gujarat,Rajkot,Aji-III,2016,june,31.8
Gujarat,Rajkot,Aji-III,2016,july,255.8
Gujarat,Rajkot,Aji-III,2016,august,303.9
Gujarat,Rajkot,Aji-III,2016,september,105.3
Gujarat,Rajkot,Aji-III,2016,october,66.9
Gujarat,Rajkot,Aji-III,2016,november,0
Gujarat,Rajkot,Aji-III,2016,december,0
Gujarat,Rajkot,Aji-III,2017,january,0
Gujarat,Rajkot,Aji-III,2017,february,0
Gujarat,Rajkot,Aji-III,2017,march,0
Gujarat,Rajkot,Aji-III,2017,april,0
Gujarat,Rajkot,Aji-III,2017,may,0.2
Gujarat,Rajkot,Aji-III,2017,june,137.7
Gujarat,Rajkot,Aji-III,2017,july,613.1
Gujarat,Rajkot,Aji-III,2017,august,179.7
Gujarat,Rajkot,Aji-III,2017,september,67.2
Gujarat,Rajkot,Aji-III,2017,october,15.5
Gujarat,Rajkot,Aji-III,2017,november,0
Gujarat,Rajkot,Aji-III,2017,december,11
Gujarat,Rajkot,Aji-III,2018,january,
Gujarat,Rajkot,Aji-III,2018,february,
Gujarat,Rajkot,Aji-III,2018,march,
Gujarat,Rajkot,Aji-III,2018,april,
Gujarat,Rajkot,Aji-III,2018,may,
Gujarat,Rajkot,Aji-III,2018,june,
Gujarat,Rajkot,Aji-III,2018,july,
Gujarat,Rajkot,Aji-III,2018,august,
Gujarat,Rajkot,Aji-III,2018,september,
Gujarat,Rajkot,Aji-III,2018,october,
Gujarat,Rajkot,Aji-III,2018,november,
Gujarat,Rajkot,Aji-III,2018,december,
Gujarat,Rajkot,Aji-III,2019,january,
Gujarat,Rajkot,Aji-III,2019,february,
Gujarat,Rajkot,Aji-III,2019,march,
Gujarat,Rajkot,Aji-III,2019,april,
Gujarat,Rajkot,Aji-III,2019,may,
Gujarat,Rajkot,Aji-III,2019,june,
Gujarat,Rajkot,Aji-III,2019,july,
Gujarat,Rajkot,Aji-III,2019,august,
Gujarat,Rajkot,Aji-III,2019,september,
Gujarat,Rajkot,Aji-III,2019,october,
Gujarat,Rajkot,Aji-III,2019,november,
Gujarat,Rajkot,Aji-III,2019,december,
Gujarat,Rajkot,Aji-III,2020,january,
Gujarat,Rajkot,Aji-III,2020,february,
Gujarat,Rajkot,Aji-III,2020,march,
Gujarat,Rajkot,Aji-III,2020,april,
Gujarat,Rajkot,Aji-III,2020,may,
Gujarat,Rajkot,Aji-III,2020,june,
Gujarat,Rajkot,Aji-III,2020,july,
Gujarat,Rajkot,Aji-III,2020,august,
Gujarat,Rajkot,Aji-III,2020,september,
Gujarat,Rajkot,Aji-III,2020,october,
Gujarat,Rajkot,Aji-III,2020,november,
Gujarat,Rajkot,Aji-III,2020,december,
Gujarat,Rajkot,Aji-III,2021,january,
Gujarat,Rajkot,Aji-III,2021,february,
Gujarat,Rajkot,Aji-III,2021,march,
Gujarat,Rajkot,Aji-III,2021,april,
Gujarat,Rajkot,Aji-III,2021,may,
Gujarat,Rajkot,Aji-III,2021,june,
Gujarat,Rajkot,Aji-III,2021,july,
Gujarat,Rajkot,Aji-III,2021,august,
Gujarat,Rajkot,Aji-III,2021,september,
Gujarat,Rajkot,Aji-III,2021,october,
Gujarat,Rajkot,Aji-III,2021,november,
Gujarat,Rajkot,Aji-III,2021,december,
Gujarat,Rajkot,Aji-III,2022,january,
Gujarat,Rajkot,Aji-III,2022,february,
Gujarat,Rajkot,Aji-III,2022,march,
Gujarat,Rajkot,Aji-III,2022,april,
Gujarat,Rajkot,Aji-III,2022,may,
Gujarat,Rajkot,Aji-III,2022,june,
Gujarat,Rajkot,Aji-III,2022,july,
Gujarat,Rajkot,Aji-III,2022,august,
Gujarat,Rajkot,Aji-III,2022,september,
Gujarat,Rajkot,Aji-III,2022,october,
Gujarat,Rajkot,Aji-III,2022,november,
Gujarat,Rajkot,Aji-III,2022,december,
Gujarat,Rajkot,Aji-III,2023,january,
Gujarat,Rajkot,Aji-III,2023,february,
Gujarat,Rajkot,Aji-III,2023,march,
Gujarat,Rajkot,Aji-III,2023,april,
Gujarat,Rajkot,Aji-III,2023,may,
Gujarat,Rajkot,Aji-III,2023,june,
Gujarat,Rajkot,Aji-III,2023,july,
Gujarat,Rajkot,Aji-III,2023,august,
Gujarat,Rajkot,Aji-III,2023,september,
Gujarat,Rajkot,Aji-III,2023,october,
Gujarat,Rajkot,Aji-III,2023,november,
Gujarat,Rajkot,Aji-III,2023,december,
Gujarat,Jamnagar,Aji-IV,2009,january,0
Gujarat,Jamnagar,Aji-IV,2009,february,0
Gujarat,Jamnagar,Aji-IV,2009,march,0.3
Gujarat,Jamnagar,Aji-IV,2009,april,0
Gujarat,Jamnagar,Aji-IV,2009,may,0
Gujarat,Jamnagar,Aji-IV,2009,june,17
Gujarat,Jamnagar,Aji-IV,2009,july,390.3
Gujarat,Jamnagar,Aji-IV,2009,august,143.5
Gujarat,Jamnagar,Aji-IV,2009,september,54.9
Gujarat,Jamnagar,Aji-IV,2009,october,27.4
Gujarat,Jamnagar,Aji-IV,2009,november,8.1
Gujarat,Jamnagar,Aji-IV,2009,december,0
Gujarat,Jamnagar,Aji-IV,2010,january,0.2
Gujarat,Jamnagar,Aji-IV,2010,february,0
Gujarat,Jamnagar,Aji-IV,2010,march,0
Gujarat,Jamnagar,Aji-IV,2010,april,0
Gujarat,Jamnagar,Aji-IV,2010,may,0
Gujarat,Jamnagar,Aji-IV,2010,june,59.3
Gujarat,Jamnagar,Aji-IV,2010,july,328.2
Gujarat,Jamnagar,Aji-IV,2010,august,431
Gujarat,Jamnagar,Aji-IV,2010,september,216.6
Gujarat,Jamnagar,Aji-IV,2010,october,12.2
Gujarat,Jamnagar,Aji-IV,2010,november,41
Gujarat,Jamnagar,Aji-IV,2010,december,0.2
Gujarat,Jamnagar,Aji-IV,2011,january,0
Gujarat,Jamnagar,Aji-IV,2011,february,0.2
Gujarat,Jamnagar,Aji-IV,2011,march,0
Gujarat,Jamnagar,Aji-IV,2011,april,0
Gujarat,Jamnagar,Aji-IV,2011,may,0
Gujarat,Jamnagar,Aji-IV,2011,june,16.3
Gujarat,Jamnagar,Aji-IV,2011,july,259.2
Gujarat,Jamnagar,Aji-IV,2011,august,451.7
Gujarat,Jamnagar,Aji-IV,2011,september,162.5
Gujarat,Jamnagar,Aji-IV,2011,october,0.4
Gujarat,Jamnagar,Aji-IV,2011,november,0
Gujarat,Jamnagar,Aji-IV,2011,december,0
Gujarat,Jamnagar,Aji-IV,2012,january,0.1
Gujarat,Jamnagar,Aji-IV,2012,february,0
Gujarat,Jamnagar,Aji-IV,2012,march,0
Gujarat,Jamnagar,Aji-IV,2012,april,0
Gujarat,Jamnagar,Aji-IV,2012,may,0
Gujarat,Jamnagar,Aji-IV,2012,june,34.4
Gujarat,Jamnagar,Aji-IV,2012,july,178.2
Gujarat,Jamnagar,Aji-IV,2012,august,230.3
Gujarat,Jamnagar,Aji-IV,2012,september,263.8
Gujarat,Jamnagar,Aji-IV,2012,october,7.1
Gujarat,Jamnagar,Aji-IV,2012,november,0
Gujarat,Jamnagar,Aji-IV,2012,december,0
Gujarat,Jamnagar,Aji-IV,2013,january,0
Gujarat,Jamnagar,Aji-IV,2013,february,0.9
Gujarat,Jamnagar,Aji-IV,2013,march,0.1
Gujarat,Jamnagar,Aji-IV,2013,april,4.6
Gujarat,Jamnagar,Aji-IV,2013,may,0
Gujarat,Jamnagar,Aji-IV,2013,june,155.7
Gujarat,Jamnagar,Aji-IV,2013,july,405.4
Gujarat,Jamnagar,Aji-IV,2013,august,211.1
Gujarat,Jamnagar,Aji-IV,2013,september,287.3
Gujarat,Jamnagar,Aji-IV,2013,october,53.2
Gujarat,Jamnagar,Aji-IV,2013,november,0.1
Gujarat,Jamnagar,Aji-IV,2013,december,0
Gujarat,Jamnagar,Aji-IV,2014,january,5.7
Gujarat,Jamnagar,Aji-IV,2014,february,0.1
Gujarat,Jamnagar,Aji-IV,2014,march,0.2
Gujarat,Jamnagar,Aji-IV,2014,april,1
Gujarat,Jamnagar,Aji-IV,2014,may,1.3
Gujarat,Jamnagar,Aji-IV,2014,june,11.6
Gujarat,Jamnagar,Aji-IV,2014,july,307.5
Gujarat,Jamnagar,Aji-IV,2014,august,138.6
Gujarat,Jamnagar,Aji-IV,2014,september,235.1
Gujarat,Jamnagar,Aji-IV,2014,october,3.3
Gujarat,Jamnagar,Aji-IV,2014,november,1.3
Gujarat,Jamnagar,Aji-IV,2014,december,0
Gujarat,Jamnagar,Aji-IV,2015,january,1.8
Gujarat,Jamnagar,Aji-IV,2015,february,0
Gujarat,Jamnagar,Aji-IV,2015,march,6.1
Gujarat,Jamnagar,Aji-IV,2015,april,5.5
Gujarat,Jamnagar,Aji-IV,2015,may,0.9
Gujarat,Jamnagar,Aji-IV,2015,june,120.7
Gujarat,Jamnagar,Aji-IV,2015,july,354.7
Gujarat,Jamnagar,Aji-IV,2015,august,37.4
Gujarat,Jamnagar,Aji-IV,2015,september,93.4
Gujarat,Jamnagar,Aji-IV,2015,october,2.2
Gujarat,Jamnagar,Aji-IV,2015,november,0.3
Gujarat,Jamnagar,Aji-IV,2015,december,0
Gujarat,Jamnagar,Aji-IV,2016,january,0
Gujarat,Jamnagar,Aji-IV,2016,february,0
Gujarat,Jamnagar,Aji-IV,2016,march,0.6
Gujarat,Jamnagar,Aji-IV,2016,april,0
Gujarat,Jamnagar,Aji-IV,2016,may,0.4
Gujarat,Jamnagar,Aji-IV,2016,june,31.8
Gujarat,Jamnagar,Aji-IV,2016,july,255.8
Gujarat,Jamnagar,Aji-IV,2016,august,303.9
Gujarat,Jamnagar,Aji-IV,2016,september,105.3
Gujarat,Jamnagar,Aji-IV,2016,october,66.9
Gujarat,Jamnagar,Aji-IV,2016,november,0
Gujarat,Jamnagar,Aji-IV,2016,december,0
Gujarat,Jamnagar,Aji-IV,2017,january,0
Gujarat,Jamnagar,Aji-IV,2017,february,0
Gujarat,Jamnagar,Aji-IV,2017,march,0
Gujarat,Jamnagar,Aji-IV,2017,april,0
Gujarat,Jamnagar,Aji-IV,2017,may,0.2
Gujarat,Jamnagar,Aji-IV,2017,june,137.7
Gujarat,Jamnagar,Aji-IV,2017,july,613.1
Gujarat,Jamnagar,Aji-IV,2017,august,179.7
Gujarat,Jamnagar,Aji-IV,2017,september,67.2
Gujarat,Jamnagar,Aji-IV,2017,october,15.5
Gujarat,Jamnagar,Aji-IV,2017,november,0
Gujarat,Jamnagar,Aji-IV,2017,december,11
Gujarat,Jamnagar,Aji-IV,2018,january,
Gujarat,Jamnagar,Aji-IV,2018,february,
Gujarat,Jamnagar,Aji-IV,2018,march,
Gujarat,Jamnagar,Aji-IV,2018,april,
Gujarat,Jamnagar,Aji-IV,2018,may,
Gujarat,Jamnagar,Aji-IV,2018,june,
Gujarat,Jamnagar,Aji-IV,2018,july,
Gujarat,Jamnagar,Aji-IV,2018,august,
Gujarat,Jamnagar,Aji-IV,2018,september,
Gujarat,Jamnagar,Aji-IV,2018,october,
Gujarat,Jamnagar,Aji-IV,2018,november,
Gujarat,Jamnagar,Aji-IV,2018,december,
Gujarat,Jamnagar,Aji-IV,2019,january,
Gujarat,Jamnagar,Aji-IV,2019,february,
Gujarat,Jamnagar,Aji-IV,2019,march,
Gujarat,Jamnagar,Aji-IV,2019,april,
Gujarat,Jamnagar,Aji-IV,2019,may,
Gujarat,Jamnagar,Aji-IV,2019,june,
Gujarat,Jamnagar,Aji-IV,2019,july,
Gujarat,Jamnagar,Aji-IV,2019,august,
Gujarat,Jamnagar,Aji-IV,2019,september,
Gujarat,Jamnagar,Aji-IV,2019,october,
Gujarat,Jamnagar,Aji-IV,2019,november,
Gujarat,Jamnagar,Aji-IV,2019,december,
Gujarat,Jamnagar,Aji-IV,2020,january,
Gujarat,Jamnagar,Aji-IV,2020,february,
Gujarat,Jamnagar,Aji-IV,2020,march,
Gujarat,Jamnagar,Aji-IV,2020,april,
Gujarat,Jamnagar,Aji-IV,2020,may,
Gujarat,Jamnagar,Aji-IV,2020,june,
Gujarat,Jamnagar,Aji-IV,2020,july,
Gujarat,Jamnagar,Aji-IV,2020,august,
Gujarat,Jamnagar,Aji-IV,2020,september,
Gujarat,Jamnagar,Aji-IV,2020,october,
Gujarat,Jamnagar,Aji-IV,2020,november,
Gujarat,Jamnagar,Aji-IV,2020,december,
Gujarat,Jamnagar,Aji-IV,2021,january,
Gujarat,Jamnagar,Aji-IV,2021,february,
Gujarat,Jamnagar,Aji-IV,2021,march,
Gujarat,Jamnagar,Aji-IV,2021,april,
Gujarat,Jamnagar,Aji-IV,2021,may,
Gujarat,Jamnagar,Aji-IV,2021,june,
Gujarat,Jamnagar,Aji-IV,2021,july,
Gujarat,Jamnagar,Aji-IV,2021,august,
Gujarat,Jamnagar,Aji-IV,2021,september,
Gujarat,Jamnagar,Aji-IV,2021,october,
Gujarat,Jamnagar,Aji-IV,2021,november,
Gujarat,Jamnagar,Aji-IV,2021,december,
Gujarat,Jamnagar,Aji-IV,2022,january,
Gujarat,Jamnagar,Aji-IV,2022,february,
Gujarat,Jamnagar,Aji-IV,2022,march,
Gujarat,Jamnagar,Aji-IV,2022,april,
Gujarat,Jamnagar,Aji-IV,2022,may,
Gujarat,Jamnagar,Aji-IV,2022,june,
Gujarat,Jamnagar,Aji-IV,2022,july,
Gujarat,Jamnagar,Aji-IV,2022,august,
Gujarat,Jamnagar,Aji-IV,2022,september,
Gujarat,Jamnagar,Aji-IV,2022,october,
Gujarat,Jamnagar,Aji-IV,2022,november,
Gujarat,Jamnagar,Aji-IV,2022,december,
Gujarat,Jamnagar,Aji-IV,2023,january,
Gujarat,Jamnagar,Aji-IV,2023,february,
Gujarat,Jamnagar,Aji-IV,2023,march,
Gujarat,Jamnagar,Aji-IV,2023,april,
Gujarat,Jamnagar,Aji-IV,2023,may,
Gujarat,Jamnagar,Aji-IV,2023,june,
Gujarat,Jamnagar,Aji-IV,2023,july,
Gujarat,Jamnagar,Aji-IV,2023,august,
Gujarat,Jamnagar,Aji-IV,2023,september,
Gujarat,Jamnagar,Aji-IV,2023,october,
Gujarat,Jamnagar,Aji-IV,2023,november,
Gujarat,Jamnagar,Aji-IV,2023,december,
Gujarat,Rajkot,Phadangbeti,2009,january,0
Gujarat,Rajkot,Phadangbeti,2009,february,0
Gujarat,Rajkot,Phadangbeti,2009,march,0.3
Gujarat,Rajkot,Phadangbeti,2009,april,0
Gujarat,Rajkot,Phadangbeti,2009,may,0
Gujarat,Rajkot,Phadangbeti,2009,june,17
Gujarat,Rajkot,Phadangbeti,2009,july,390.3
Gujarat,Rajkot,Phadangbeti,2009,august,143.5
Gujarat,Rajkot,Phadangbeti,2009,september,54.9
Gujarat,Rajkot,Phadangbeti,2009,october,27.4
Gujarat,Rajkot,Phadangbeti,2009,november,8.1
Gujarat,Rajkot,Phadangbeti,2009,december,0
Gujarat,Rajkot,Phadangbeti,2010,january,0.2
Gujarat,Rajkot,Phadangbeti,2010,february,0
Gujarat,Rajkot,Phadangbeti,2010,march,0
Gujarat,Rajkot,Phadangbeti,2010,april,0
Gujarat,Rajkot,Phadangbeti,2010,may,0
Gujarat,Rajkot,Phadangbeti,2010,june,59.3
Gujarat,Rajkot,Phadangbeti,2010,july,328.2
Gujarat,Rajkot,Phadangbeti,2010,august,431
Gujarat,Rajkot,Phadangbeti,2010,september,216.6
Gujarat,Rajkot,Phadangbeti,2010,october,12.2
Gujarat,Rajkot,Phadangbeti,2010,november,41
Gujarat,Rajkot,Phadangbeti,2010,december,0.2
Gujarat,Rajkot,Phadangbeti,2011,january,0
Gujarat,Rajkot,Phadangbeti,2011,february,0.2
Gujarat,Rajkot,Phadangbeti,2011,march,0
Gujarat,Rajkot,Phadangbeti,2011,april,0
Gujarat,Rajkot,Phadangbeti,2011,may,0
Gujarat,Rajkot,Phadangbeti,2011,june,16.3
Gujarat,Rajkot,Phadangbeti,2011,july,259.2
Gujarat,Rajkot,Phadangbeti,2011,august,451.7
Gujarat,Rajkot,Phadangbeti,2011,september,162.5
Gujarat,Rajkot,Phadangbeti,2011,october,0.4
Gujarat,Rajkot,Phadangbeti,2011,november,0
Gujarat,Rajkot,Phadangbeti,2011,december,0
Gujarat,Rajkot,Phadangbeti,2012,january,0.1
Gujarat,Rajkot,Phadangbeti,2012,february,0
Gujarat,Rajkot,Phadangbeti,2012,march,0
Gujarat,Rajkot,Phadangbeti,2012,april,0
Gujarat,Rajkot,Phadangbeti,2012,may,0
Gujarat,Rajkot,Phadangbeti,2012,june,34.4
Gujarat,Rajkot,Phadangbeti,2012,july,178.2
Gujarat,Rajkot,Phadangbeti,2012,august,230.3
Gujarat,Rajkot,Phadangbeti,2012,september,263.8
Gujarat,Rajkot,Phadangbeti,2012,october,7.1
Gujarat,Rajkot,Phadangbeti,2012,november,0
Gujarat,Rajkot,Phadangbeti,2012,december,0
Gujarat,Rajkot,Phadangbeti,2013,january,0
Gujarat,Rajkot,Phadangbeti,2013,february,0.9
Gujarat,Rajkot,Phadangbeti,2013,march,0.1
Gujarat,Rajkot,Phadangbeti,2013,april,4.6
Gujarat,Rajkot,Phadangbeti,2013,may,0
Gujarat,Rajkot,Phadangbeti,2013,june,155.7
Gujarat,Rajkot,Phadangbeti,2013,july,405.4
Gujarat,Rajkot,Phadangbeti,2013,august,211.1
Gujarat,Rajkot,Phadangbeti,2013,september,287.3
Gujarat,Rajkot,Phadangbeti,2013,october,53.2
Gujarat,Rajkot,Phadangbeti,2013,november,0.1
Gujarat,Rajkot,Phadangbeti,2013,december,0
Gujarat,Rajkot,Phadangbeti,2014,january,5.7
Gujarat,Rajkot,Phadangbeti,2014,february,0.1
Gujarat,Rajkot,Phadangbeti,2014,march,0.2
Gujarat,Rajkot,Phadangbeti,2014,april,1
Gujarat,Rajkot,Phadangbeti,2014,may,1.3
Gujarat,Rajkot,Phadangbeti,2014,june,11.6
Gujarat,Rajkot,Phadangbeti,2014,july,307.5
Gujarat,Rajkot,Phadangbeti,2014,august,138.6
Gujarat,Rajkot,Phadangbeti,2014,september,235.1
Gujarat,Rajkot,Phadangbeti,2014,october,3.3
Gujarat,Rajkot,Phadangbeti,2014,november,1.3
Gujarat,Rajkot,Phadangbeti,2014,december,0
Gujarat,Rajkot,Phadangbeti,2015,january,1.8
Gujarat,Rajkot,Phadangbeti,2015,february,0
Gujarat,Rajkot,Phadangbeti,2015,march,6.1
Gujarat,Rajkot,Phadangbeti,2015,april,5.5
Gujarat,Rajkot,Phadangbeti,2015,may,0.9
Gujarat,Rajkot,Phadangbeti,2015,june,120.7
Gujarat,Rajkot,Phadangbeti,2015,july,354.7
Gujarat,Rajkot,Phadangbeti,2015,august,37.4
Gujarat,Rajkot,Phadangbeti,2015,september,93.4
Gujarat,Rajkot,Phadangbeti,2015,october,2.2
Gujarat,Rajkot,Phadangbeti,2015,november,0.3
Gujarat,Rajkot,Phadangbeti,2015,december,0
Gujarat,Rajkot,Phadangbeti,2016,january,0
Gujarat,Rajkot,Phadangbeti,2016,february,0
Gujarat,Rajkot,Phadangbeti,2016,march,0.6
Gujarat,Rajkot,Phadangbeti,2016,april,0
Gujarat,Rajkot,Phadangbeti,2016,may,0.4
Gujarat,Rajkot,Phadangbeti,2016,june,31.8
Gujarat,Rajkot,Phadangbeti,2016,july,255.8
Gujarat,Rajkot,Phadangbeti,2016,august,303.9
Gujarat,Rajkot,Phadangbeti,2016,september,105.3
Gujarat,Rajkot,Phadangbeti,2016,october,66.9
Gujarat,Rajkot,Phadangbeti,2016,november,0
Gujarat,Rajkot,Phadangbeti,2016,december,0
Gujarat,Rajkot,Phadangbeti,2017,january,0
Gujarat,Rajkot,Phadangbeti,2017,february,0
Gujarat,Rajkot,Phadangbeti,2017,march,0
Gujarat,Rajkot,Phadangbeti,2017,april,0
Gujarat,Rajkot,Phadangbeti,2017,may,0.2
Gujarat,Rajkot,Phadangbeti,2017,june,137.7
Gujarat,Rajkot,Phadangbeti,2017,july,613.1
Gujarat,Rajkot,Phadangbeti,2017,august,179.7
Gujarat,Rajkot,Phadangbeti,2017,september,67.2
Gujarat,Rajkot,Phadangbeti,2017,october,15.5
Gujarat,Rajkot,Phadangbeti,2017,november,0
Gujarat,Rajkot,Phadangbeti,2017,december,11
Gujarat,Rajkot,Phadangbeti,2018,january,
Gujarat,Rajkot,Phadangbeti,2018,february,
Gujarat,Rajkot,Phadangbeti,2018,march,
Gujarat,Rajkot,Phadangbeti,2018,april,
Gujarat,Rajkot,Phadangbeti,2018,may,
Gujarat,Rajkot,Phadangbeti,2018,june,
Gujarat,Rajkot,Phadangbeti,2018,july,
Gujarat,Rajkot,Phadangbeti,2018,august,
Gujarat,Rajkot,Phadangbeti,2018,september,
Gujarat,Rajkot,Phadangbeti,2018,october,
Gujarat,Rajkot,Phadangbeti,2018,november,
Gujarat,Rajkot,Phadangbeti,2018,december,
Gujarat,Rajkot,Phadangbeti,2019,january,
Gujarat,Rajkot,Phadangbeti,2019,february,
Gujarat,Rajkot,Phadangbeti,2019,march,
Gujarat,Rajkot,Phadangbeti,2019,april,
Gujarat,Rajkot,Phadangbeti,2019,may,
Gujarat,Rajkot,Phadangbeti,2019,june,
Gujarat,Rajkot,Phadangbeti,2019,july,
Gujarat,Rajkot,Phadangbeti,2019,august,
Gujarat,Rajkot,Phadangbeti,2019,september,
Gujarat,Rajkot,Phadangbeti,2019,october,
Gujarat,Rajkot,Phadangbeti,2019,november,
Gujarat,Rajkot,Phadangbeti,2019,december,
Gujarat,Rajkot,Phadangbeti,2020,january,
Gujarat,Rajkot,Phadangbeti,2020,february,
Gujarat,Rajkot,Phadangbeti,2020,march,
Gujarat,Rajkot,Phadangbeti,2020,april,
Gujarat,Rajkot,Phadangbeti,2020,may,
Gujarat,Rajkot,Phadangbeti,2020,june,
Gujarat,Rajkot,Phadangbeti,2020,july,
Gujarat,Rajkot,Phadangbeti,2020,august,
Gujarat,Rajkot,Phadangbeti,2020,september,
Gujarat,Rajkot,Phadangbeti,2020,october,
Gujarat,Rajkot,Phadangbeti,2020,november,
Gujarat,Rajkot,Phadangbeti,2020,december,
Gujarat,Rajkot,Phadangbeti,2021,january,
Gujarat,Rajkot,Phadangbeti,2021,february,
Gujarat,Rajkot,Phadangbeti,2021,march,
Gujarat,Rajkot,Phadangbeti,2021,april,
Gujarat,Rajkot,Phadangbeti,2021,may,
Gujarat,Rajkot,Phadangbeti,2021,june,
Gujarat,Rajkot,Phadangbeti,2021,july,
Gujarat,Rajkot,Phadangbeti,2021,august,
Gujarat,Rajkot,Phadangbeti,2021,september,
Gujarat,Rajkot,Phadangbeti,2021,october,
Gujarat,Rajkot,Phadangbeti,2021,november,
Gujarat,Rajkot,Phadangbeti,2021,december,
Gujarat,Rajkot,Phadangbeti,2022,january,
Gujarat,Rajkot,Phadangbeti,2022,february,
Gujarat,Rajkot,Phadangbeti,2022,march,
Gujarat,Rajkot,Phadangbeti,2022,april,
Gujarat,Rajkot,Phadangbeti,2022,may,
Gujarat,Rajkot,Phadangbeti,2022,june,
Gujarat,Rajkot,Phadangbeti,2022,july,
Gujarat,Rajkot,Phadangbeti,2022,august,
Gujarat,Rajkot,Phadangbeti,2022,september,
Gujarat,Rajkot,Phadangbeti,2022,october,
Gujarat,Rajkot,Phadangbeti,2022,november,
Gujarat,Rajkot,Phadangbeti,2022,december,
Gujarat,Rajkot,Phadangbeti,2023,january,
Gujarat,Rajkot,Phadangbeti,2023,february,
Gujarat,Rajkot,Phadangbeti,2023,march,
Gujarat,Rajkot,Phadangbeti,2023,april,
Gujarat,Rajkot,Phadangbeti,2023,may,
Gujarat,Rajkot,Phadangbeti,2023,june,
Gujarat,Rajkot,Phadangbeti,2023,july,
Gujarat,Rajkot,Phadangbeti,2023,august,
Gujarat,Rajkot,Phadangbeti,2023,september,
Gujarat,Rajkot,Phadangbeti,2023,october,
Gujarat,Rajkot,Phadangbeti,2023,november,
Gujarat,Rajkot,Phadangbeti,2023,december,
Gujarat,Porbandar,Phodarness,2009,january,0
Gujarat,Porbandar,Phodarness,2009,february,0
Gujarat,Porbandar,Phodarness,2009,march,0.3
Gujarat,Porbandar,Phodarness,2009,april,0
Gujarat,Porbandar,Phodarness,2009,may,0
Gujarat,Porbandar,Phodarness,2009,june,17
Gujarat,Porbandar,Phodarness,2009,july,390.3
Gujarat,Porbandar,Phodarness,2009,august,143.5
Gujarat,Porbandar,Phodarness,2009,september,54.9
Gujarat,Porbandar,Phodarness,2009,october,27.4
Gujarat,Porbandar,Phodarness,2009,november,8.1
Gujarat,Porbandar,Phodarness,2009,december,0
Gujarat,Porbandar,Phodarness,2010,january,0.2
Gujarat,Porbandar,Phodarness,2010,february,0
Gujarat,Porbandar,Phodarness,2010,march,0
Gujarat,Porbandar,Phodarness,2010,april,0
Gujarat,Porbandar,Phodarness,2010,may,0
Gujarat,Porbandar,Phodarness,2010,june,59.3
Gujarat,Porbandar,Phodarness,2010,july,328.2
Gujarat,Porbandar,Phodarness,2010,august,431
Gujarat,Porbandar,Phodarness,2010,september,216.6
Gujarat,Porbandar,Phodarness,2010,october,12.2
Gujarat,Porbandar,Phodarness,2010,november,41
Gujarat,Porbandar,Phodarness,2010,december,0.2
Gujarat,Porbandar,Phodarness,2011,january,0
Gujarat,Porbandar,Phodarness,2011,february,0.2
Gujarat,Porbandar,Phodarness,2011,march,0
Gujarat,Porbandar,Phodarness,2011,april,0
Gujarat,Porbandar,Phodarness,2011,may,0
Gujarat,Porbandar,Phodarness,2011,june,16.3
Gujarat,Porbandar,Phodarness,2011,july,259.2
Gujarat,Porbandar,Phodarness,2011,august,451.7
Gujarat,Porbandar,Phodarness,2011,september,162.5
Gujarat,Porbandar,Phodarness,2011,october,0.4
Gujarat,Porbandar,Phodarness,2011,november,0
Gujarat,Porbandar,Phodarness,2011,december,0
Gujarat,Porbandar,Phodarness,2012,january,0.1
Gujarat,Porbandar,Phodarness,2012,february,0
Gujarat,Porbandar,Phodarness,2012,march,0
Gujarat,Porbandar,Phodarness,2012,april,0
Gujarat,Porbandar,Phodarness,2012,may,0
Gujarat,Porbandar,Phodarness,2012,june,34.4
Gujarat,Porbandar,Phodarness,2012,july,178.2
Gujarat,Porbandar,Phodarness,2012,august,230.3
Gujarat,Porbandar,Phodarness,2012,september,263.8
Gujarat,Porbandar,Phodarness,2012,october,7.1
Gujarat,Porbandar,Phodarness,2012,november,0
Gujarat,Porbandar,Phodarness,2012,december,0
Gujarat,Porbandar,Phodarness,2013,january,0
Gujarat,Porbandar,Phodarness,2013,february,0.9
Gujarat,Porbandar,Phodarness,2013,march,0.1
Gujarat,Porbandar,Phodarness,2013,april,4.6
Gujarat,Porbandar,Phodarness,2013,may,0
Gujarat,Porbandar,Phodarness,2013,june,155.7
Gujarat,Porbandar,Phodarness,2013,july,405.4
Gujarat,Porbandar,Phodarness,2013,august,211.1
Gujarat,Porbandar,Phodarness,2013,september,287.3
Gujarat,Porbandar,Phodarness,2013,october,53.2
Gujarat,Porbandar,Phodarness,2013,november,0.1
Gujarat,Porbandar,Phodarness,2013,december,0
Gujarat,Porbandar,Phodarness,2014,january,5.7
Gujarat,Porbandar,Phodarness,2014,february,0.1
Gujarat,Porbandar,Phodarness,2014,march,0.2
Gujarat,Porbandar,Phodarness,2014,april,1
Gujarat,Porbandar,Phodarness,2014,may,1.3
Gujarat,Porbandar,Phodarness,2014,june,11.6
Gujarat,Porbandar,Phodarness,2014,july,307.5
Gujarat,Porbandar,Phodarness,2014,august,138.6
Gujarat,Porbandar,Phodarness,2014,september,235.1
Gujarat,Porbandar,Phodarness,2014,october,3.3
Gujarat,Porbandar,Phodarness,2014,november,1.3
Gujarat,Porbandar,Phodarness,2014,december,0
Gujarat,Porbandar,Phodarness,2015,january,1.8
Gujarat,Porbandar,Phodarness,2015,february,0
Gujarat,Porbandar,Phodarness,2015,march,6.1
Gujarat,Porbandar,Phodarness,2015,april,5.5
Gujarat,Porbandar,Phodarness,2015,may,0.9
Gujarat,Porbandar,Phodarness,2015,june,120.7
Gujarat,Porbandar,Phodarness,2015,july,354.7
Gujarat,Porbandar,Phodarness,2015,august,37.4
Gujarat,Porbandar,Phodarness,2015,september,93.4
Gujarat,Porbandar,Phodarness,2015,october,2.2
Gujarat,Porbandar,Phodarness,2015,november,0.3
Gujarat,Porbandar,Phodarness,2015,december,0
Gujarat,Porbandar,Phodarness,2016,january,0
Gujarat,Porbandar,Phodarness,2016,february,0
Gujarat,Porbandar,Phodarness,2016,march,0.6
Gujarat,Porbandar,Phodarness,2016,april,0
Gujarat,Porbandar,Phodarness,2016,may,0.4
Gujarat,Porbandar,Phodarness,2016,june,31.8
Gujarat,Porbandar,Phodarness,2016,july,255.8
Gujarat,Porbandar,Phodarness,2016,august,303.9
Gujarat,Porbandar,Phodarness,2016,september,105.3
Gujarat,Porbandar,Phodarness,2016,october,66.9
Gujarat,Porbandar,Phodarness,2016,november,0
Gujarat,Porbandar,Phodarness,2016,december,0
Gujarat,Porbandar,Phodarness,2017,january,0
Gujarat,Porbandar,Phodarness,2017,february,0
Gujarat,Porbandar,Phodarness,2017,march,0
Gujarat,Porbandar,Phodarness,2017,april,0
Gujarat,Porbandar,Phodarness,2017,may,0.2
Gujarat,Porbandar,Phodarness,2017,june,137.7
Gujarat,Porbandar,Phodarness,2017,july,613.1
Gujarat,Porbandar,Phodarness,2017,august,179.7
Gujarat,Porbandar,Phodarness,2017,september,67.2
Gujarat,Porbandar,Phodarness,2017,october,15.5
Gujarat,Porbandar,Phodarness,2017,november,0
Gujarat,Porbandar,Phodarness,2017,december,11
Gujarat,Porbandar,Phodarness,2018,january,
Gujarat,Porbandar,Phodarness,2018,february,
Gujarat,Porbandar,Phodarness,2018,march,
Gujarat,Porbandar,Phodarness,2018,april,
Gujarat,Porbandar,Phodarness,2018,may,
Gujarat,Porbandar,Phodarness,2018,june,
Gujarat,Porbandar,Phodarness,2018,july,
Gujarat,Porbandar,Phodarness,2018,august,
Gujarat,Porbandar,Phodarness,2018,september,
Gujarat,Porbandar,Phodarness,2018,october,
Gujarat,Porbandar,Phodarness,2018,november,
Gujarat,Porbandar,Phodarness,2018,december,
Gujarat,Porbandar,Phodarness,2019,january,
Gujarat,Porbandar,Phodarness,2019,february,
Gujarat,Porbandar,Phodarness,2019,march,
Gujarat,Porbandar,Phodarness,2019,april,
Gujarat,Porbandar,Phodarness,2019,may,
Gujarat,Porbandar,Phodarness,2019,june,
Gujarat,Porbandar,Phodarness,2019,july,
Gujarat,Porbandar,Phodarness,2019,august,
Gujarat,Porbandar,Phodarness,2019,september,
Gujarat,Porbandar,Phodarness,2019,october,
Gujarat,Porbandar,Phodarness,2019,november,
Gujarat,Porbandar,Phodarness,2019,december,
Gujarat,Porbandar,Phodarness,2020,january,
Gujarat,Porbandar,Phodarness,2020,february,
Gujarat,Porbandar,Phodarness,2020,march,
Gujarat,Porbandar,Phodarness,2020,april,
Gujarat,Porbandar,Phodarness,2020,may,
Gujarat,Porbandar,Phodarness,2020,june,
Gujarat,Porbandar,Phodarness,2020,july,
Gujarat,Porbandar,Phodarness,2020,august,
Gujarat,Porbandar,Phodarness,2020,september,
Gujarat,Porbandar,Phodarness,2020,october,
Gujarat,Porbandar,Phodarness,2020,november,
Gujarat,Porbandar,Phodarness,2020,december,
Gujarat,Porbandar,Phodarness,2021,january,
Gujarat,Porbandar,Phodarness,2021,february,
Gujarat,Porbandar,Phodarness,2021,march,
Gujarat,Porbandar,Phodarness,2021,april,
Gujarat,Porbandar,Phodarness,2021,may,
Gujarat,Porbandar,Phodarness,2021,june,
Gujarat,Porbandar,Phodarness,2021,july,
Gujarat,Porbandar,Phodarness,2021,august,
Gujarat,Porbandar,Phodarness,2021,september,
Gujarat,Porbandar,Phodarness,2021,october,
Gujarat,Porbandar,Phodarness,2021,november,
Gujarat,Porbandar,Phodarness,2021,december,
Gujarat,Porbandar,Phodarness,2022,january,
Gujarat,Porbandar,Phodarness,2022,february,
Gujarat,Porbandar,Phodarness,2022,march,
Gujarat,Porbandar,Phodarness,2022,april,
Gujarat,Porbandar,Phodarness,2022,may,
Gujarat,Porbandar,Phodarness,2022,june,
Gujarat,Porbandar,Phodarness,2022,july,
Gujarat,Porbandar,Phodarness,2022,august,
Gujarat,Porbandar,Phodarness,2022,september,
Gujarat,Porbandar,Phodarness,2022,october,
Gujarat,Porbandar,Phodarness,2022,november,
Gujarat,Porbandar,Phodarness,2022,december,
Gujarat,Porbandar,Phodarness,2023,january,
Gujarat,Porbandar,Phodarness,2023,february,
Gujarat,Porbandar,Phodarness,2023,march,
Gujarat,Porbandar,Phodarness,2023,april,
Gujarat,Porbandar,Phodarness,2023,may,
Gujarat,Porbandar,Phodarness,2023,june,
Gujarat,Porbandar,Phodarness,2023,july,
Gujarat,Porbandar,Phodarness,2023,august,
Gujarat,Porbandar,Phodarness,2023,september,
Gujarat,Porbandar,Phodarness,2023,october,
Gujarat,Porbandar,Phodarness,2023,november,
Gujarat,Porbandar,Phodarness,2023,december,
Gujarat,Rajkot,Phophal - I,2009,january,0
Gujarat,Rajkot,Phophal - I,2009,february,0
Gujarat,Rajkot,Phophal - I,2009,march,0.3
Gujarat,Rajkot,Phophal - I,2009,april,0
Gujarat,Rajkot,Phophal - I,2009,may,0
Gujarat,Rajkot,Phophal - I,2009,june,17
Gujarat,Rajkot,Phophal - I,2009,july,390.3
Gujarat,Rajkot,Phophal - I,2009,august,143.5
Gujarat,Rajkot,Phophal - I,2009,september,54.9
Gujarat,Rajkot,Phophal - I,2009,october,27.4
Gujarat,Rajkot,Phophal - I,2009,november,8.1
Gujarat,Rajkot,Phophal - I,2009,december,0
Gujarat,Rajkot,Phophal - I,2010,january,0.2
Gujarat,Rajkot,Phophal - I,2010,february,0
Gujarat,Rajkot,Phophal - I,2010,march,0
Gujarat,Rajkot,Phophal - I,2010,april,0
Gujarat,Rajkot,Phophal - I,2010,may,0
Gujarat,Rajkot,Phophal - I,2010,june,59.3
Gujarat,Rajkot,Phophal - I,2010,july,328.2
Gujarat,Rajkot,Phophal - I,2010,august,431
Gujarat,Rajkot,Phophal - I,2010,september,216.6
Gujarat,Rajkot,Phophal - I,2010,october,12.2
Gujarat,Rajkot,Phophal - I,2010,november,41
Gujarat,Rajkot,Phophal - I,2010,december,0.2
Gujarat,Rajkot,Phophal - I,2011,january,0
Gujarat,Rajkot,Phophal - I,2011,february,0.2
Gujarat,Rajkot,Phophal - I,2011,march,0
Gujarat,Rajkot,Phophal - I,2011,april,0
Gujarat,Rajkot,Phophal - I,2011,may,0
Gujarat,Rajkot,Phophal - I,2011,june,16.3
Gujarat,Rajkot,Phophal - I,2011,july,259.2
Gujarat,Rajkot,Phophal - I,2011,august,451.7
Gujarat,Rajkot,Phophal - I,2011,september,162.5
Gujarat,Rajkot,Phophal - I,2011,october,0.4
Gujarat,Rajkot,Phophal - I,2011,november,0
Gujarat,Rajkot,Phophal - I,2011,december,0
Gujarat,Rajkot,Phophal - I,2012,january,0.1
Gujarat,Rajkot,Phophal - I,2012,february,0
Gujarat,Rajkot,Phophal - I,2012,march,0
Gujarat,Rajkot,Phophal - I,2012,april,0
Gujarat,Rajkot,Phophal - I,2012,may,0
Gujarat,Rajkot,Phophal - I,2012,june,34.4
Gujarat,Rajkot,Phophal - I,2012,july,178.2
Gujarat,Rajkot,Phophal - I,2012,august,230.3
Gujarat,Rajkot,Phophal - I,2012,september,263.8
Gujarat,Rajkot,Phophal - I,2012,october,7.1
Gujarat,Rajkot,Phophal - I,2012,november,0
Gujarat,Rajkot,Phophal - I,2012,december,0
Gujarat,Rajkot,Phophal - I,2013,january,0
Gujarat,Rajkot,Phophal - I,2013,february,0.9
Gujarat,Rajkot,Phophal - I,2013,march,0.1
Gujarat,Rajkot,Phophal - I,2013,april,4.6
Gujarat,Rajkot,Phophal - I,2013,may,0
Gujarat,Rajkot,Phophal - I,2013,june,155.7
Gujarat,Rajkot,Phophal - I,2013,july,405.4
Gujarat,Rajkot,Phophal - I,2013,august,211.1
Gujarat,Rajkot,Phophal - I,2013,september,287.3
Gujarat,Rajkot,Phophal - I,2013,october,53.2
Gujarat,Rajkot,Phophal - I,2013,november,0.1
Gujarat,Rajkot,Phophal - I,2013,december,0
Gujarat,Rajkot,Phophal - I,2014,january,5.7
Gujarat,Rajkot,Phophal - I,2014,february,0.1
Gujarat,Rajkot,Phophal - I,2014,march,0.2
Gujarat,Rajkot,Phophal - I,2014,april,1
Gujarat,Rajkot,Phophal - I,2014,may,1.3
Gujarat,Rajkot,Phophal - I,2014,june,11.6
Gujarat,Rajkot,Phophal - I,2014,july,307.5
Gujarat,Rajkot,Phophal - I,2014,august,138.6
Gujarat,Rajkot,Phophal - I,2014,september,235.1
Gujarat,Rajkot,Phophal - I,2014,october,3.3
Gujarat,Rajkot,Phophal - I,2014,november,1.3
Gujarat,Rajkot,Phophal - I,2014,december,0
Gujarat,Rajkot,Phophal - I,2015,january,1.8
Gujarat,Rajkot,Phophal - I,2015,february,0
Gujarat,Rajkot,Phophal - I,2015,march,6.1
Gujarat,Rajkot,Phophal - I,2015,april,5.5
Gujarat,Rajkot,Phophal - I,2015,may,0.9
Gujarat,Rajkot,Phophal - I,2015,june,120.7
Gujarat,Rajkot,Phophal - I,2015,july,354.7
Gujarat,Rajkot,Phophal - I,2015,august,37.4
Gujarat,Rajkot,Phophal - I,2015,september,93.4
Gujarat,Rajkot,Phophal - I,2015,october,2.2
Gujarat,Rajkot,Phophal - I,2015,november,0.3
Gujarat,Rajkot,Phophal - I,2015,december,0
Gujarat,Rajkot,Phophal - I,2016,january,0
Gujarat,Rajkot,Phophal - I,2016,february,0
Gujarat,Rajkot,Phophal - I,2016,march,0.6
Gujarat,Rajkot,Phophal - I,2016,april,0
Gujarat,Rajkot,Phophal - I,2016,may,0.4
Gujarat,Rajkot,Phophal - I,2016,june,31.8
Gujarat,Rajkot,Phophal - I,2016,july,255.8
Gujarat,Rajkot,Phophal - I,2016,august,303.9
Gujarat,Rajkot,Phophal - I,2016,september,105.3
Gujarat,Rajkot,Phophal - I,2016,october,66.9
Gujarat,Rajkot,Phophal - I,2016,november,0
Gujarat,Rajkot,Phophal - I,2016,december,0
Gujarat,Rajkot,Phophal - I,2017,january,0
Gujarat,Rajkot,Phophal - I,2017,february,0
Gujarat,Rajkot,Phophal - I,2017,march,0
Gujarat,Rajkot,Phophal - I,2017,april,0
Gujarat,Rajkot,Phophal - I,2017,may,0.2
Gujarat,Rajkot,Phophal - I,2017,june,137.7
Gujarat,Rajkot,Phophal - I,2017,july,613.1
Gujarat,Rajkot,Phophal - I,2017,august,179.7
Gujarat,Rajkot,Phophal - I,2017,september,67.2
Gujarat,Rajkot,Phophal - I,2017,october,15.5
Gujarat,Rajkot,Phophal - I,2017,november,0
Gujarat,Rajkot,Phophal - I,2017,december,11
Gujarat,Rajkot,Phophal - I,2018,january,
Gujarat,Rajkot,Phophal - I,2018,february,
Gujarat,Rajkot,Phophal - I,2018,march,
Gujarat,Rajkot,Phophal - I,2018,april,
Gujarat,Rajkot,Phophal - I,2018,may,
Gujarat,Rajkot,Phophal - I,2018,june,
Gujarat,Rajkot,Phophal - I,2018,july,
Gujarat,Rajkot,Phophal - I,2018,august,
Gujarat,Rajkot,Phophal - I,2018,september,
Gujarat,Rajkot,Phophal - I,2018,october,
Gujarat,Rajkot,Phophal - I,2018,november,
Gujarat,Rajkot,Phophal - I,2018,december,
Gujarat,Rajkot,Phophal - I,2019,january,
Gujarat,Rajkot,Phophal - I,2019,february,
Gujarat,Rajkot,Phophal - I,2019,march,
Gujarat,Rajkot,Phophal - I,2019,april,
Gujarat,Rajkot,Phophal - I,2019,may,
Gujarat,Rajkot,Phophal - I,2019,june,
Gujarat,Rajkot,Phophal - I,2019,july,
Gujarat,Rajkot,Phophal - I,2019,august,
Gujarat,Rajkot,Phophal - I,2019,september,
Gujarat,Rajkot,Phophal - I,2019,october,
Gujarat,Rajkot,Phophal - I,2019,november,
Gujarat,Rajkot,Phophal - I,2019,december,
Gujarat,Rajkot,Phophal - I,2020,january,
Gujarat,Rajkot,Phophal - I,2020,february,
Gujarat,Rajkot,Phophal - I,2020,march,
Gujarat,Rajkot,Phophal - I,2020,april,
Gujarat,Rajkot,Phophal - I,2020,may,
Gujarat,Rajkot,Phophal - I,2020,june,
Gujarat,Rajkot,Phophal - I,2020,july,
Gujarat,Rajkot,Phophal - I,2020,august,
Gujarat,Rajkot,Phophal - I,2020,september,
Gujarat,Rajkot,Phophal - I,2020,october,
Gujarat,Rajkot,Phophal - I,2020,november,
Gujarat,Rajkot,Phophal - I,2020,december,
Gujarat,Rajkot,Phophal - I,2021,january,
Gujarat,Rajkot,Phophal - I,2021,february,
Gujarat,Rajkot,Phophal - I,2021,march,
Gujarat,Rajkot,Phophal - I,2021,april,
Gujarat,Rajkot,Phophal - I,2021,may,
Gujarat,Rajkot,Phophal - I,2021,june,
Gujarat,Rajkot,Phophal - I,2021,july,
Gujarat,Rajkot,Phophal - I,2021,august,
Gujarat,Rajkot,Phophal - I,2021,september,
Gujarat,Rajkot,Phophal - I,2021,october,
Gujarat,Rajkot,Phophal - I,2021,november,
Gujarat,Rajkot,Phophal - I,2021,december,
Gujarat,Rajkot,Phophal - I,2022,january,
Gujarat,Rajkot,Phophal - I,2022,february,
Gujarat,Rajkot,Phophal - I,2022,march,
Gujarat,Rajkot,Phophal - I,2022,april,
Gujarat,Rajkot,Phophal - I,2022,may,
Gujarat,Rajkot,Phophal - I,2022,june,
Gujarat,Rajkot,Phophal - I,2022,july,
Gujarat,Rajkot,Phophal - I,2022,august,
Gujarat,Rajkot,Phophal - I,2022,september,
Gujarat,Rajkot,Phophal - I,2022,october,
Gujarat,Rajkot,Phophal - I,2022,november,
Gujarat,Rajkot,Phophal - I,2022,december,
Gujarat,Rajkot,Phophal - I,2023,january,
Gujarat,Rajkot,Phophal - I,2023,february,
Gujarat,Rajkot,Phophal - I,2023,march,
Gujarat,Rajkot,Phophal - I,2023,april,
Gujarat,Rajkot,Phophal - I,2023,may,
Gujarat,Rajkot,Phophal - I,2023,june,
Gujarat,Rajkot,Phophal - I,2023,july,
Gujarat,Rajkot,Phophal - I,2023,august,
Gujarat,Rajkot,Phophal - I,2023,september,
Gujarat,Rajkot,Phophal - I,2023,october,
Gujarat,Rajkot,Phophal - I,2023,november,
Gujarat,Rajkot,Phophal - I,2023,december,
Gujarat,Rajkot,Phophal-II,2009,january,0
Gujarat,Rajkot,Phophal-II,2009,february,0
Gujarat,Rajkot,Phophal-II,2009,march,0.3
Gujarat,Rajkot,Phophal-II,2009,april,0
Gujarat,Rajkot,Phophal-II,2009,may,0
Gujarat,Rajkot,Phophal-II,2009,june,17
Gujarat,Rajkot,Phophal-II,2009,july,390.3
Gujarat,Rajkot,Phophal-II,2009,august,143.5
Gujarat,Rajkot,Phophal-II,2009,september,54.9
Gujarat,Rajkot,Phophal-II,2009,october,27.4
Gujarat,Rajkot,Phophal-II,2009,november,8.1
Gujarat,Rajkot,Phophal-II,2009,december,0
Gujarat,Rajkot,Phophal-II,2010,january,0.2
Gujarat,Rajkot,Phophal-II,2010,february,0
Gujarat,Rajkot,Phophal-II,2010,march,0
Gujarat,Rajkot,Phophal-II,2010,april,0
Gujarat,Rajkot,Phophal-II,2010,may,0
Gujarat,Rajkot,Phophal-II,2010,june,59.3
Gujarat,Rajkot,Phophal-II,2010,july,328.2
Gujarat,Rajkot,Phophal-II,2010,august,431
Gujarat,Rajkot,Phophal-II,2010,september,216.6
Gujarat,Rajkot,Phophal-II,2010,october,12.2
Gujarat,Rajkot,Phophal-II,2010,november,41
Gujarat,Rajkot,Phophal-II,2010,december,0.2
Gujarat,Rajkot,Phophal-II,2011,january,0
Gujarat,Rajkot,Phophal-II,2011,february,0.2
Gujarat,Rajkot,Phophal-II,2011,march,0
Gujarat,Rajkot,Phophal-II,2011,april,0
Gujarat,Rajkot,Phophal-II,2011,may,0
Gujarat,Rajkot,Phophal-II,2011,june,16.3
Gujarat,Rajkot,Phophal-II,2011,july,259.2
Gujarat,Rajkot,Phophal-II,2011,august,451.7
Gujarat,Rajkot,Phophal-II,2011,september,162.5
Gujarat,Rajkot,Phophal-II,2011,october,0.4
Gujarat,Rajkot,Phophal-II,2011,november,0
Gujarat,Rajkot,Phophal-II,2011,december,0
Gujarat,Rajkot,Phophal-II,2012,january,0.1
Gujarat,Rajkot,Phophal-II,2012,february,0
Gujarat,Rajkot,Phophal-II,2012,march,0
Gujarat,Rajkot,Phophal-II,2012,april,0
Gujarat,Rajkot,Phophal-II,2012,may,0
Gujarat,Rajkot,Phophal-II,2012,june,34.4
Gujarat,Rajkot,Phophal-II,2012,july,178.2
Gujarat,Rajkot,Phophal-II,2012,august,230.3
Gujarat,Rajkot,Phophal-II,2012,september,263.8
Gujarat,Rajkot,Phophal-II,2012,october,7.1
Gujarat,Rajkot,Phophal-II,2012,november,0
Gujarat,Rajkot,Phophal-II,2012,december,0
Gujarat,Rajkot,Phophal-II,2013,january,0
Gujarat,Rajkot,Phophal-II,2013,february,0.9
Gujarat,Rajkot,Phophal-II,2013,march,0.1
Gujarat,Rajkot,Phophal-II,2013,april,4.6
Gujarat,Rajkot,Phophal-II,2013,may,0
Gujarat,Rajkot,Phophal-II,2013,june,155.7
Gujarat,Rajkot,Phophal-II,2013,july,405.4
Gujarat,Rajkot,Phophal-II,2013,august,211.1
Gujarat,Rajkot,Phophal-II,2013,september,287.3
Gujarat,Rajkot,Phophal-II,2013,october,53.2
Gujarat,Rajkot,Phophal-II,2013,november,0.1
Gujarat,Rajkot,Phophal-II,2013,december,0
Gujarat,Rajkot,Phophal-II,2014,january,5.7
Gujarat,Rajkot,Phophal-II,2014,february,0.1
Gujarat,Rajkot,Phophal-II,2014,march,0.2
Gujarat,Rajkot,Phophal-II,2014,april,1
Gujarat,Rajkot,Phophal-II,2014,may,1.3
Gujarat,Rajkot,Phophal-II,2014,june,11.6
Gujarat,Rajkot,Phophal-II,2014,july,307.5
Gujarat,Rajkot,Phophal-II,2014,august,138.6
Gujarat,Rajkot,Phophal-II,2014,september,235.1
Gujarat,Rajkot,Phophal-II,2014,october,3.3
Gujarat,Rajkot,Phophal-II,2014,november,1.3
Gujarat,Rajkot,Phophal-II,2014,december,0
Gujarat,Rajkot,Phophal-II,2015,january,1.8
Gujarat,Rajkot,Phophal-II,2015,february,0
Gujarat,Rajkot,Phophal-II,2015,march,6.1
Gujarat,Rajkot,Phophal-II,2015,april,5.5
Gujarat,Rajkot,Phophal-II,2015,may,0.9
Gujarat,Rajkot,Phophal-II,2015,june,120.7
Gujarat,Rajkot,Phophal-II,2015,july,354.7
Gujarat,Rajkot,Phophal-II,2015,august,37.4
Gujarat,Rajkot,Phophal-II,2015,september,93.4
Gujarat,Rajkot,Phophal-II,2015,october,2.2
Gujarat,Rajkot,Phophal-II,2015,november,0.3
Gujarat,Rajkot,Phophal-II,2015,december,0
Gujarat,Rajkot,Phophal-II,2016,january,0
Gujarat,Rajkot,Phophal-II,2016,february,0
Gujarat,Rajkot,Phophal-II,2016,march,0.6
Gujarat,Rajkot,Phophal-II,2016,april,0
Gujarat,Rajkot,Phophal-II,2016,may,0.4
Gujarat,Rajkot,Phophal-II,2016,june,31.8
Gujarat,Rajkot,Phophal-II,2016,july,255.8
Gujarat,Rajkot,Phophal-II,2016,august,303.9
Gujarat,Rajkot,Phophal-II,2016,september,105.3
Gujarat,Rajkot,Phophal-II,2016,october,66.9
Gujarat,Rajkot,Phophal-II,2016,november,0
Gujarat,Rajkot,Phophal-II,2016,december,0
Gujarat,Rajkot,Phophal-II,2017,january,0
Gujarat,Rajkot,Phophal-II,2017,february,0
Gujarat,Rajkot,Phophal-II,2017,march,0
Gujarat,Rajkot,Phophal-II,2017,april,0
Gujarat,Rajkot,Phophal-II,2017,may,0.2
Gujarat,Rajkot,Phophal-II,2017,june,137.7
Gujarat,Rajkot,Phophal-II,2017,july,613.1
Gujarat,Rajkot,Phophal-II,2017,august,179.7
Gujarat,Rajkot,Phophal-II,2017,september,67.2
Gujarat,Rajkot,Phophal-II,2017,october,15.5
Gujarat,Rajkot,Phophal-II,2017,november,0
Gujarat,Rajkot,Phophal-II,2017,december,11
Gujarat,Rajkot,Phophal-II,2018,january,
Gujarat,Rajkot,Phophal-II,2018,february,
Gujarat,Rajkot,Phophal-II,2018,march,
Gujarat,Rajkot,Phophal-II,2018,april,
Gujarat,Rajkot,Phophal-II,2018,may,
Gujarat,Rajkot,Phophal-II,2018,june,
Gujarat,Rajkot,Phophal-II,2018,july,
Gujarat,Rajkot,Phophal-II,2018,august,
Gujarat,Rajkot,Phophal-II,2018,september,
Gujarat,Rajkot,Phophal-II,2018,october,
Gujarat,Rajkot,Phophal-II,2018,november,
Gujarat,Rajkot,Phophal-II,2018,december,
Gujarat,Rajkot,Phophal-II,2019,january,
Gujarat,Rajkot,Phophal-II,2019,february,
Gujarat,Rajkot,Phophal-II,2019,march,
Gujarat,Rajkot,Phophal-II,2019,april,
Gujarat,Rajkot,Phophal-II,2019,may,
Gujarat,Rajkot,Phophal-II,2019,june,
Gujarat,Rajkot,Phophal-II,2019,july,
Gujarat,Rajkot,Phophal-II,2019,august,
Gujarat,Rajkot,Phophal-II,2019,september,
Gujarat,Rajkot,Phophal-II,2019,october,
Gujarat,Rajkot,Phophal-II,2019,november,
Gujarat,Rajkot,Phophal-II,2019,december,
Gujarat,Rajkot,Phophal-II,2020,january,
Gujarat,Rajkot,Phophal-II,2020,february,
Gujarat,Rajkot,Phophal-II,2020,march,
Gujarat,Rajkot,Phophal-II,2020,april,
Gujarat,Rajkot,Phophal-II,2020,may,
Gujarat,Rajkot,Phophal-II,2020,june,
Gujarat,Rajkot,Phophal-II,2020,july,
Gujarat,Rajkot,Phophal-II,2020,august,
Gujarat,Rajkot,Phophal-II,2020,september,
Gujarat,Rajkot,Phophal-II,2020,october,
Gujarat,Rajkot,Phophal-II,2020,november,
Gujarat,Rajkot,Phophal-II,2020,december,
Gujarat,Rajkot,Phophal-II,2021,january,
Gujarat,Rajkot,Phophal-II,2021,february,
Gujarat,Rajkot,Phophal-II,2021,march,
Gujarat,Rajkot,Phophal-II,2021,april,
Gujarat,Rajkot,Phophal-II,2021,may,
Gujarat,Rajkot,Phophal-II,2021,june,
Gujarat,Rajkot,Phophal-II,2021,july,
Gujarat,Rajkot,Phophal-II,2021,august,
Gujarat,Rajkot,Phophal-II,2021,september,
Gujarat,Rajkot,Phophal-II,2021,october,
Gujarat,Rajkot,Phophal-II,2021,november,
Gujarat,Rajkot,Phophal-II,2021,december,
Gujarat,Rajkot,Phophal-II,2022,january,
Gujarat,Rajkot,Phophal-II,2022,february,
Gujarat,Rajkot,Phophal-II,2022,march,
Gujarat,Rajkot,Phophal-II,2022,april,
Gujarat,Rajkot,Phophal-II,2022,may,
Gujarat,Rajkot,Phophal-II,2022,june,
Gujarat,Rajkot,Phophal-II,2022,july,
Gujarat,Rajkot,Phophal-II,2022,august,
Gujarat,Rajkot,Phophal-II,2022,september,
Gujarat,Rajkot,Phophal-II,2022,october,
Gujarat,Rajkot,Phophal-II,2022,november,
Gujarat,Rajkot,Phophal-II,2022,december,
Gujarat,Rajkot,Phophal-II,2023,january,
Gujarat,Rajkot,Phophal-II,2023,february,
Gujarat,Rajkot,Phophal-II,2023,march,
Gujarat,Rajkot,Phophal-II,2023,april,
Gujarat,Rajkot,Phophal-II,2023,may,
Gujarat,Rajkot,Phophal-II,2023,june,
Gujarat,Rajkot,Phophal-II,2023,july,
Gujarat,Rajkot,Phophal-II,2023,august,
Gujarat,Rajkot,Phophal-II,2023,september,
Gujarat,Rajkot,Phophal-II,2023,october,
Gujarat,Rajkot,Phophal-II,2023,november,
Gujarat,Rajkot,Phophal-II,2023,december,
Gujarat,Bharuch,Pigut,2009,january,0
Gujarat,Bharuch,Pigut,2009,february,0
Gujarat,Bharuch,Pigut,2009,march,0.3
Gujarat,Bharuch,Pigut,2009,april,0
Gujarat,Bharuch,Pigut,2009,may,0
Gujarat,Bharuch,Pigut,2009,june,17
Gujarat,Bharuch,Pigut,2009,july,390.3
Gujarat,Bharuch,Pigut,2009,august,143.5
Gujarat,Bharuch,Pigut,2009,september,54.9
Gujarat,Bharuch,Pigut,2009,october,27.4
Gujarat,Bharuch,Pigut,2009,november,8.1
Gujarat,Bharuch,Pigut,2009,december,0
Gujarat,Bharuch,Pigut,2010,january,0.2
Gujarat,Bharuch,Pigut,2010,february,0
Gujarat,Bharuch,Pigut,2010,march,0
Gujarat,Bharuch,Pigut,2010,april,0
Gujarat,Bharuch,Pigut,2010,may,0
Gujarat,Bharuch,Pigut,2010,june,59.3
Gujarat,Bharuch,Pigut,2010,july,328.2
Gujarat,Bharuch,Pigut,2010,august,431
Gujarat,Bharuch,Pigut,2010,september,216.6
Gujarat,Bharuch,Pigut,2010,october,12.2
Gujarat,Bharuch,Pigut,2010,november,41
Gujarat,Bharuch,Pigut,2010,december,0.2
Gujarat,Bharuch,Pigut,2011,january,0
Gujarat,Bharuch,Pigut,2011,february,0.2
Gujarat,Bharuch,Pigut,2011,march,0
Gujarat,Bharuch,Pigut,2011,april,0
Gujarat,Bharuch,Pigut,2011,may,0
Gujarat,Bharuch,Pigut,2011,june,16.3
Gujarat,Bharuch,Pigut,2011,july,259.2
Gujarat,Bharuch,Pigut,2011,august,451.7
Gujarat,Bharuch,Pigut,2011,september,162.5
Gujarat,Bharuch,Pigut,2011,october,0.4
Gujarat,Bharuch,Pigut,2011,november,0
Gujarat,Bharuch,Pigut,2011,december,0
Gujarat,Bharuch,Pigut,2012,january,0.1
Gujarat,Bharuch,Pigut,2012,february,0
Gujarat,Bharuch,Pigut,2012,march,0
Gujarat,Bharuch,Pigut,2012,april,0
Gujarat,Bharuch,Pigut,2012,may,0
Gujarat,Bharuch,Pigut,2012,june,34.4
Gujarat,Bharuch,Pigut,2012,july,178.2
Gujarat,Bharuch,Pigut,2012,august,230.3
Gujarat,Bharuch,Pigut,2012,september,263.8
Gujarat,Bharuch,Pigut,2012,october,7.1
Gujarat,Bharuch,Pigut,2012,november,0
Gujarat,Bharuch,Pigut,2012,december,0
Gujarat,Bharuch,Pigut,2013,january,0
Gujarat,Bharuch,Pigut,2013,february,0.9
Gujarat,Bharuch,Pigut,2013,march,0.1
Gujarat,Bharuch,Pigut,2013,april,4.6
Gujarat,Bharuch,Pigut,2013,may,0
Gujarat,Bharuch,Pigut,2013,june,155.7
Gujarat,Bharuch,Pigut,2013,july,405.4
Gujarat,Bharuch,Pigut,2013,august,211.1
Gujarat,Bharuch,Pigut,2013,september,287.3
Gujarat,Bharuch,Pigut,2013,october,53.2
Gujarat,Bharuch,Pigut,2013,november,0.1
Gujarat,Bharuch,Pigut,2013,december,0
Gujarat,Bharuch,Pigut,2014,january,5.7
Gujarat,Bharuch,Pigut,2014,february,0.1
Gujarat,Bharuch,Pigut,2014,march,0.2
Gujarat,Bharuch,Pigut,2014,april,1
Gujarat,Bharuch,Pigut,2014,may,1.3
Gujarat,Bharuch,Pigut,2014,june,11.6
Gujarat,Bharuch,Pigut,2014,july,307.5
Gujarat,Bharuch,Pigut,2014,august,138.6
Gujarat,Bharuch,Pigut,2014,september,235.1
Gujarat,Bharuch,Pigut,2014,october,3.3
Gujarat,Bharuch,Pigut,2014,november,1.3
Gujarat,Bharuch,Pigut,2014,december,0
Gujarat,Bharuch,Pigut,2015,january,1.8
Gujarat,Bharuch,Pigut,2015,february,0
Gujarat,Bharuch,Pigut,2015,march,6.1
Gujarat,Bharuch,Pigut,2015,april,5.5
Gujarat,Bharuch,Pigut,2015,may,0.9
Gujarat,Bharuch,Pigut,2015,june,120.7
Gujarat,Bharuch,Pigut,2015,july,354.7
Gujarat,Bharuch,Pigut,2015,august,37.4
Gujarat,Bharuch,Pigut,2015,september,93.4
Gujarat,Bharuch,Pigut,2015,october,2.2
Gujarat,Bharuch,Pigut,2015,november,0.3
Gujarat,Bharuch,Pigut,2015,december,0
Gujarat,Bharuch,Pigut,2016,january,0
Gujarat,Bharuch,Pigut,2016,february,0
Gujarat,Bharuch,Pigut,2016,march,0.6
Gujarat,Bharuch,Pigut,2016,april,0
Gujarat,Bharuch,Pigut,2016,may,0.4
Gujarat,Bharuch,Pigut,2016,june,31.8
Gujarat,Bharuch,Pigut,2016,july,255.8
Gujarat,Bharuch,Pigut,2016,august,303.9
Gujarat,Bharuch,Pigut,2016,september,105.3
Gujarat,Bharuch,Pigut,2016,october,66.9
Gujarat,Bharuch,Pigut,2016,november,0
Gujarat,Bharuch,Pigut,2016,december,0
Gujarat,Bharuch,Pigut,2017,january,0
Gujarat,Bharuch,Pigut,2017,february,0
Gujarat,Bharuch,Pigut,2017,march,0
Gujarat,Bharuch,Pigut,2017,april,0
Gujarat,Bharuch,Pigut,2017,may,0.2
Gujarat,Bharuch,Pigut,2017,june,137.7
Gujarat,Bharuch,Pigut,2017,july,613.1
Gujarat,Bharuch,Pigut,2017,august,179.7
Gujarat,Bharuch,Pigut,2017,september,67.2
Gujarat,Bharuch,Pigut,2017,october,15.5
Gujarat,Bharuch,Pigut,2017,november,0
Gujarat,Bharuch,Pigut,2017,december,11
Gujarat,Bharuch,Pigut,2018,january,
Gujarat,Bharuch,Pigut,2018,february,
Gujarat,Bharuch,Pigut,2018,march,
Gujarat,Bharuch,Pigut,2018,april,
Gujarat,Bharuch,Pigut,2018,may,
Gujarat,Bharuch,Pigut,2018,june,
Gujarat,Bharuch,Pigut,2018,july,
Gujarat,Bharuch,Pigut,2018,august,
Gujarat,Bharuch,Pigut,2018,september,
Gujarat,Bharuch,Pigut,2018,october,
Gujarat,Bharuch,Pigut,2018,november,
Gujarat,Bharuch,Pigut,2018,december,
Gujarat,Bharuch,Pigut,2019,january,
Gujarat,Bharuch,Pigut,2019,february,
Gujarat,Bharuch,Pigut,2019,march,
Gujarat,Bharuch,Pigut,2019,april,
Gujarat,Bharuch,Pigut,2019,may,
Gujarat,Bharuch,Pigut,2019,june,
Gujarat,Bharuch,Pigut,2019,july,
Gujarat,Bharuch,Pigut,2019,august,
Gujarat,Bharuch,Pigut,2019,september,
Gujarat,Bharuch,Pigut,2019,october,
Gujarat,Bharuch,Pigut,2019,november,
Gujarat,Bharuch,Pigut,2019,december,
Gujarat,Bharuch,Pigut,2020,january,
Gujarat,Bharuch,Pigut,2020,february,
Gujarat,Bharuch,Pigut,2020,march,
Gujarat,Bharuch,Pigut,2020,april,
Gujarat,Bharuch,Pigut,2020,may,
Gujarat,Bharuch,Pigut,2020,june,
Gujarat,Bharuch,Pigut,2020,july,
Gujarat,Bharuch,Pigut,2020,august,
Gujarat,Bharuch,Pigut,2020,september,
Gujarat,Bharuch,Pigut,2020,october,
Gujarat,Bharuch,Pigut,2020,november,
Gujarat,Bharuch,Pigut,2020,december,
Gujarat,Bharuch,Pigut,2021,january,
Gujarat,Bharuch,Pigut,2021,february,
Gujarat,Bharuch,Pigut,2021,march,
Gujarat,Bharuch,Pigut,2021,april,
Gujarat,Bharuch,Pigut,2021,may,
Gujarat,Bharuch,Pigut,2021,june,
Gujarat,Bharuch,Pigut,2021,july,
Gujarat,Bharuch,Pigut,2021,august,
Gujarat,Bharuch,Pigut,2021,september,
Gujarat,Bharuch,Pigut,2021,october,
Gujarat,Bharuch,Pigut,2021,november,
Gujarat,Bharuch,Pigut,2021,december,
Gujarat,Bharuch,Pigut,2022,january,
Gujarat,Bharuch,Pigut,2022,february,
Gujarat,Bharuch,Pigut,2022,march,
Gujarat,Bharuch,Pigut,2022,april,
Gujarat,Bharuch,Pigut,2022,may,
Gujarat,Bharuch,Pigut,2022,june,
Gujarat,Bharuch,Pigut,2022,july,
Gujarat,Bharuch,Pigut,2022,august,
Gujarat,Bharuch,Pigut,2022,september,
Gujarat,Bharuch,Pigut,2022,october,
Gujarat,Bharuch,Pigut,2022,november,
Gujarat,Bharuch,Pigut,2022,december,
Gujarat,Bharuch,Pigut,2023,january,
Gujarat,Bharuch,Pigut,2023,february,
Gujarat,Bharuch,Pigut,2023,march,
Gujarat,Bharuch,Pigut,2023,april,
Gujarat,Bharuch,Pigut,2023,may,
Gujarat,Bharuch,Pigut,2023,june,
Gujarat,Bharuch,Pigut,2023,july,
Gujarat,Bharuch,Pigut,2023,august,
Gujarat,Bharuch,Pigut,2023,september,
Gujarat,Bharuch,Pigut,2023,october,
Gujarat,Bharuch,Pigut,2023,november,
Gujarat,Bharuch,Pigut,2023,december,
